[0.116s] DEBUG:colcon:Command line arguments: ['/usr/bin/colcon', 'build']
[0.116s] DEBUG:colcon:Parsed command line arguments: Namespace(allow_overriding=[], ament_cmake_args=None, base_paths=['.'], build_base='build', catkin_cmake_args=None, catkin_skip_building_tests=False, cmake_args=None, cmake_clean_cache=False, cmake_clean_first=False, cmake_force_configure=False, cmake_target=None, cmake_target_skip_unavailable=False, continue_on_error=False, event_handlers=None, executor='parallel', ignore_user_meta=False, install_base='install', log_base=None, log_level=None, main=<bound method BuildVerb.main of <colcon_core.verb.build.BuildVerb object at 0x7f70f4b99c70>>, merge_install=False, metas=['./colcon.meta'], mixin=None, mixin_files=None, mixin_verb=('build',), packages_above=None, packages_above_and_dependencies=None, packages_above_depth=None, packages_end=None, packages_ignore=None, packages_ignore_regex=None, packages_select=None, packages_select_build_failed=False, packages_select_by_dep=None, packages_select_regex=None, packages_select_test_failures=False, packages_skip=None, packages_skip_build_finished=False, packages_skip_by_dep=None, packages_skip_regex=None, packages_skip_test_passed=False, packages_skip_up_to=None, packages_start=None, packages_up_to=None, packages_up_to_regex=None, parallel_workers=12, paths=None, symlink_install=False, test_result_base=None, verb_extension=<colcon_core.verb.build.BuildVerb object at 0x7f70f4b99c70>, verb_name='build', verb_parser=<colcon_mixin.mixin.mixin_argument.MixinArgumentDecorator object at 0x7f70f4b2a190>)
[0.197s] Level 1:colcon.colcon_core.package_discovery:discover_packages(colcon_meta) check parameters
[0.197s] Level 1:colcon.colcon_core.package_discovery:discover_packages(recursive) check parameters
[0.197s] Level 1:colcon.colcon_core.package_discovery:discover_packages(ignore) check parameters
[0.197s] Level 1:colcon.colcon_core.package_discovery:discover_packages(path) check parameters
[0.197s] Level 1:colcon.colcon_core.package_discovery:discover_packages(colcon_meta) discover
[0.197s] Level 1:colcon.colcon_core.package_discovery:discover_packages(recursive) discover
[0.197s] INFO:colcon.colcon_core.package_discovery:Crawling recursively for packages in '/home/her0/assignment_ws/src/robotics_software_engineer'
[0.197s] Level 1:colcon.colcon_core.package_identification:_identify(.) by extensions ['ignore', 'ignore_ament_install']
[0.197s] Level 1:colcon.colcon_core.package_identification:_identify(.) by extension 'ignore'
[0.197s] Level 1:colcon.colcon_core.package_identification:_identify(.) by extension 'ignore_ament_install'
[0.197s] Level 1:colcon.colcon_core.package_identification:_identify(.) by extensions ['colcon_pkg']
[0.197s] Level 1:colcon.colcon_core.package_identification:_identify(.) by extension 'colcon_pkg'
[0.197s] Level 1:colcon.colcon_core.package_identification:_identify(.) by extensions ['colcon_meta']
[0.197s] Level 1:colcon.colcon_core.package_identification:_identify(.) by extension 'colcon_meta'
[0.197s] Level 1:colcon.colcon_core.package_identification:_identify(.) by extensions ['ros']
[0.197s] Level 1:colcon.colcon_core.package_identification:_identify(.) by extension 'ros'
[0.204s] Level 1:colcon.colcon_core.package_identification:_identify(.) by extensions ['cmake', 'python']
[0.204s] Level 1:colcon.colcon_core.package_identification:_identify(.) by extension 'cmake'
[0.204s] Level 1:colcon.colcon_core.package_identification:_identify(.) by extension 'python'
[0.204s] Level 1:colcon.colcon_core.package_identification:_identify(.) by extensions ['python_setup_py']
[0.204s] Level 1:colcon.colcon_core.package_identification:_identify(.) by extension 'python_setup_py'
[0.204s] Level 1:colcon.colcon_core.package_identification:_identify(build) by extensions ['ignore', 'ignore_ament_install']
[0.204s] Level 1:colcon.colcon_core.package_identification:_identify(build) by extension 'ignore'
[0.204s] Level 1:colcon.colcon_core.package_identification:_identify(build) ignored
[0.204s] Level 1:colcon.colcon_core.package_identification:_identify(install) by extensions ['ignore', 'ignore_ament_install']
[0.204s] Level 1:colcon.colcon_core.package_identification:_identify(install) by extension 'ignore'
[0.204s] Level 1:colcon.colcon_core.package_identification:_identify(install) ignored
[0.204s] Level 1:colcon.colcon_core.package_identification:_identify(log) by extensions ['ignore', 'ignore_ament_install']
[0.204s] Level 1:colcon.colcon_core.package_identification:_identify(log) by extension 'ignore'
[0.204s] Level 1:colcon.colcon_core.package_identification:_identify(log) ignored
[0.204s] Level 1:colcon.colcon_core.package_identification:_identify(module_1_assignment) by extensions ['ignore', 'ignore_ament_install']
[0.204s] Level 1:colcon.colcon_core.package_identification:_identify(module_1_assignment) by extension 'ignore'
[0.205s] Level 1:colcon.colcon_core.package_identification:_identify(module_1_assignment) by extension 'ignore_ament_install'
[0.205s] Level 1:colcon.colcon_core.package_identification:_identify(module_1_assignment) by extensions ['colcon_pkg']
[0.205s] Level 1:colcon.colcon_core.package_identification:_identify(module_1_assignment) by extension 'colcon_pkg'
[0.205s] Level 1:colcon.colcon_core.package_identification:_identify(module_1_assignment) by extensions ['colcon_meta']
[0.205s] Level 1:colcon.colcon_core.package_identification:_identify(module_1_assignment) by extension 'colcon_meta'
[0.205s] Level 1:colcon.colcon_core.package_identification:_identify(module_1_assignment) by extensions ['ros']
[0.205s] Level 1:colcon.colcon_core.package_identification:_identify(module_1_assignment) by extension 'ros'
[0.207s] DEBUG:colcon.colcon_core.package_identification:Package 'module_1_assignment' with type 'ros.ament_cmake' and name 'module_1_assignment'
[0.207s] Level 1:colcon.colcon_core.package_identification:_identify(module_2_assignment) by extensions ['ignore', 'ignore_ament_install']
[0.207s] Level 1:colcon.colcon_core.package_identification:_identify(module_2_assignment) by extension 'ignore'
[0.207s] Level 1:colcon.colcon_core.package_identification:_identify(module_2_assignment) by extension 'ignore_ament_install'
[0.207s] Level 1:colcon.colcon_core.package_identification:_identify(module_2_assignment) by extensions ['colcon_pkg']
[0.207s] Level 1:colcon.colcon_core.package_identification:_identify(module_2_assignment) by extension 'colcon_pkg'
[0.207s] Level 1:colcon.colcon_core.package_identification:_identify(module_2_assignment) by extensions ['colcon_meta']
[0.207s] Level 1:colcon.colcon_core.package_identification:_identify(module_2_assignment) by extension 'colcon_meta'
[0.207s] Level 1:colcon.colcon_core.package_identification:_identify(module_2_assignment) by extensions ['ros']
[0.207s] Level 1:colcon.colcon_core.package_identification:_identify(module_2_assignment) by extension 'ros'
[0.208s] DEBUG:colcon.colcon_core.package_identification:Package 'module_2_assignment' with type 'ros.ament_cmake' and name 'module_2_assignment'
[0.208s] Level 1:colcon.colcon_core.package_identification:_identify(module_3_assignment) by extensions ['ignore', 'ignore_ament_install']
[0.208s] Level 1:colcon.colcon_core.package_identification:_identify(module_3_assignment) by extension 'ignore'
[0.208s] Level 1:colcon.colcon_core.package_identification:_identify(module_3_assignment) by extension 'ignore_ament_install'
[0.208s] Level 1:colcon.colcon_core.package_identification:_identify(module_3_assignment) by extensions ['colcon_pkg']
[0.208s] Level 1:colcon.colcon_core.package_identification:_identify(module_3_assignment) by extension 'colcon_pkg'
[0.208s] Level 1:colcon.colcon_core.package_identification:_identify(module_3_assignment) by extensions ['colcon_meta']
[0.208s] Level 1:colcon.colcon_core.package_identification:_identify(module_3_assignment) by extension 'colcon_meta'
[0.208s] Level 1:colcon.colcon_core.package_identification:_identify(module_3_assignment) by extensions ['ros']
[0.208s] Level 1:colcon.colcon_core.package_identification:_identify(module_3_assignment) by extension 'ros'
[0.208s] DEBUG:colcon.colcon_core.package_identification:Package 'module_3_assignment' with type 'ros.ament_cmake' and name 'module_3_assignment'
[0.208s] Level 1:colcon.colcon_core.package_identification:_identify(module_4_assessment) by extensions ['ignore', 'ignore_ament_install']
[0.208s] Level 1:colcon.colcon_core.package_identification:_identify(module_4_assessment) by extension 'ignore'
[0.209s] Level 1:colcon.colcon_core.package_identification:_identify(module_4_assessment) by extension 'ignore_ament_install'
[0.209s] Level 1:colcon.colcon_core.package_identification:_identify(module_4_assessment) by extensions ['colcon_pkg']
[0.209s] Level 1:colcon.colcon_core.package_identification:_identify(module_4_assessment) by extension 'colcon_pkg'
[0.209s] Level 1:colcon.colcon_core.package_identification:_identify(module_4_assessment) by extensions ['colcon_meta']
[0.209s] Level 1:colcon.colcon_core.package_identification:_identify(module_4_assessment) by extension 'colcon_meta'
[0.209s] Level 1:colcon.colcon_core.package_identification:_identify(module_4_assessment) by extensions ['ros']
[0.209s] Level 1:colcon.colcon_core.package_identification:_identify(module_4_assessment) by extension 'ros'
[0.209s] Level 1:colcon.colcon_core.package_identification:_identify(module_4_assessment) by extensions ['cmake', 'python']
[0.209s] Level 1:colcon.colcon_core.package_identification:_identify(module_4_assessment) by extension 'cmake'
[0.209s] Level 1:colcon.colcon_core.package_identification:_identify(module_4_assessment) by extension 'python'
[0.209s] Level 1:colcon.colcon_core.package_identification:_identify(module_4_assessment) by extensions ['python_setup_py']
[0.209s] Level 1:colcon.colcon_core.package_identification:_identify(module_4_assessment) by extension 'python_setup_py'
[0.209s] Level 1:colcon.colcon_core.package_identification:_identify(module_4_assessment/module_4_assignment) by extensions ['ignore', 'ignore_ament_install']
[0.209s] Level 1:colcon.colcon_core.package_identification:_identify(module_4_assessment/module_4_assignment) by extension 'ignore'
[0.209s] Level 1:colcon.colcon_core.package_identification:_identify(module_4_assessment/module_4_assignment) by extension 'ignore_ament_install'
[0.209s] Level 1:colcon.colcon_core.package_identification:_identify(module_4_assessment/module_4_assignment) by extensions ['colcon_pkg']
[0.209s] Level 1:colcon.colcon_core.package_identification:_identify(module_4_assessment/module_4_assignment) by extension 'colcon_pkg'
[0.209s] Level 1:colcon.colcon_core.package_identification:_identify(module_4_assessment/module_4_assignment) by extensions ['colcon_meta']
[0.209s] Level 1:colcon.colcon_core.package_identification:_identify(module_4_assessment/module_4_assignment) by extension 'colcon_meta'
[0.209s] Level 1:colcon.colcon_core.package_identification:_identify(module_4_assessment/module_4_assignment) by extensions ['ros']
[0.209s] Level 1:colcon.colcon_core.package_identification:_identify(module_4_assessment/module_4_assignment) by extension 'ros'
[0.209s] DEBUG:colcon.colcon_core.package_identification:Package 'module_4_assessment/module_4_assignment' with type 'ros.ament_cmake' and name 'module_4_assignment'
[0.210s] Level 1:colcon.colcon_core.package_identification:_identify(module_4_assessment/robot_sensing_debug) by extensions ['ignore', 'ignore_ament_install']
[0.210s] Level 1:colcon.colcon_core.package_identification:_identify(module_4_assessment/robot_sensing_debug) by extension 'ignore'
[0.210s] Level 1:colcon.colcon_core.package_identification:_identify(module_4_assessment/robot_sensing_debug) by extension 'ignore_ament_install'
[0.210s] Level 1:colcon.colcon_core.package_identification:_identify(module_4_assessment/robot_sensing_debug) by extensions ['colcon_pkg']
[0.210s] Level 1:colcon.colcon_core.package_identification:_identify(module_4_assessment/robot_sensing_debug) by extension 'colcon_pkg'
[0.210s] Level 1:colcon.colcon_core.package_identification:_identify(module_4_assessment/robot_sensing_debug) by extensions ['colcon_meta']
[0.210s] Level 1:colcon.colcon_core.package_identification:_identify(module_4_assessment/robot_sensing_debug) by extension 'colcon_meta'
[0.210s] Level 1:colcon.colcon_core.package_identification:_identify(module_4_assessment/robot_sensing_debug) by extensions ['ros']
[0.210s] Level 1:colcon.colcon_core.package_identification:_identify(module_4_assessment/robot_sensing_debug) by extension 'ros'
[0.210s] DEBUG:colcon.colcon_core.package_identification:Package 'module_4_assessment/robot_sensing_debug' with type 'ros.ament_cmake' and name 'robot_sensing_debug'
[0.210s] Level 1:colcon.colcon_core.package_identification:_identify(module_5_assignment) by extensions ['ignore', 'ignore_ament_install']
[0.210s] Level 1:colcon.colcon_core.package_identification:_identify(module_5_assignment) by extension 'ignore'
[0.210s] Level 1:colcon.colcon_core.package_identification:_identify(module_5_assignment) by extension 'ignore_ament_install'
[0.210s] Level 1:colcon.colcon_core.package_identification:_identify(module_5_assignment) by extensions ['colcon_pkg']
[0.210s] Level 1:colcon.colcon_core.package_identification:_identify(module_5_assignment) by extension 'colcon_pkg'
[0.210s] Level 1:colcon.colcon_core.package_identification:_identify(module_5_assignment) by extensions ['colcon_meta']
[0.210s] Level 1:colcon.colcon_core.package_identification:_identify(module_5_assignment) by extension 'colcon_meta'
[0.211s] Level 1:colcon.colcon_core.package_identification:_identify(module_5_assignment) by extensions ['ros']
[0.211s] Level 1:colcon.colcon_core.package_identification:_identify(module_5_assignment) by extension 'ros'
[0.211s] DEBUG:colcon.colcon_core.package_identification:Package 'module_5_assignment' with type 'ros.ament_cmake' and name 'module_5_assignment'
[0.211s] Level 1:colcon.colcon_core.package_identification:_identify(module_6_assignment) by extensions ['ignore', 'ignore_ament_install']
[0.211s] Level 1:colcon.colcon_core.package_identification:_identify(module_6_assignment) by extension 'ignore'
[0.211s] Level 1:colcon.colcon_core.package_identification:_identify(module_6_assignment) by extension 'ignore_ament_install'
[0.211s] Level 1:colcon.colcon_core.package_identification:_identify(module_6_assignment) by extensions ['colcon_pkg']
[0.211s] Level 1:colcon.colcon_core.package_identification:_identify(module_6_assignment) by extension 'colcon_pkg'
[0.211s] Level 1:colcon.colcon_core.package_identification:_identify(module_6_assignment) by extensions ['colcon_meta']
[0.211s] Level 1:colcon.colcon_core.package_identification:_identify(module_6_assignment) by extension 'colcon_meta'
[0.211s] Level 1:colcon.colcon_core.package_identification:_identify(module_6_assignment) by extensions ['ros']
[0.211s] Level 1:colcon.colcon_core.package_identification:_identify(module_6_assignment) by extension 'ros'
[0.211s] DEBUG:colcon.colcon_core.package_identification:Package 'module_6_assignment' with type 'ros.ament_cmake' and name 'module_6_assignment'
[0.212s] Level 1:colcon.colcon_core.package_identification:_identify(module_7_assignment) by extensions ['ignore', 'ignore_ament_install']
[0.212s] Level 1:colcon.colcon_core.package_identification:_identify(module_7_assignment) by extension 'ignore'
[0.212s] Level 1:colcon.colcon_core.package_identification:_identify(module_7_assignment) by extension 'ignore_ament_install'
[0.212s] Level 1:colcon.colcon_core.package_identification:_identify(module_7_assignment) by extensions ['colcon_pkg']
[0.212s] Level 1:colcon.colcon_core.package_identification:_identify(module_7_assignment) by extension 'colcon_pkg'
[0.212s] Level 1:colcon.colcon_core.package_identification:_identify(module_7_assignment) by extensions ['colcon_meta']
[0.212s] Level 1:colcon.colcon_core.package_identification:_identify(module_7_assignment) by extension 'colcon_meta'
[0.212s] Level 1:colcon.colcon_core.package_identification:_identify(module_7_assignment) by extensions ['ros']
[0.212s] Level 1:colcon.colcon_core.package_identification:_identify(module_7_assignment) by extension 'ros'
[0.212s] DEBUG:colcon.colcon_core.package_identification:Package 'module_7_assignment' with type 'ros.ament_cmake' and name 'module_7_assignment'
[0.212s] Level 1:colcon.colcon_core.package_identification:_identify(module_8_assignment) by extensions ['ignore', 'ignore_ament_install']
[0.212s] Level 1:colcon.colcon_core.package_identification:_identify(module_8_assignment) by extension 'ignore'
[0.212s] Level 1:colcon.colcon_core.package_identification:_identify(module_8_assignment) by extension 'ignore_ament_install'
[0.212s] Level 1:colcon.colcon_core.package_identification:_identify(module_8_assignment) by extensions ['colcon_pkg']
[0.212s] Level 1:colcon.colcon_core.package_identification:_identify(module_8_assignment) by extension 'colcon_pkg'
[0.212s] Level 1:colcon.colcon_core.package_identification:_identify(module_8_assignment) by extensions ['colcon_meta']
[0.212s] Level 1:colcon.colcon_core.package_identification:_identify(module_8_assignment) by extension 'colcon_meta'
[0.212s] Level 1:colcon.colcon_core.package_identification:_identify(module_8_assignment) by extensions ['ros']
[0.212s] Level 1:colcon.colcon_core.package_identification:_identify(module_8_assignment) by extension 'ros'
[0.213s] DEBUG:colcon.colcon_core.package_identification:Package 'module_8_assignment' with type 'ros.ament_cmake' and name 'module_8_assignment'
[0.213s] Level 1:colcon.colcon_core.package_discovery:discover_packages(recursive) using defaults
[0.213s] Level 1:colcon.colcon_core.package_discovery:discover_packages(ignore) discover
[0.213s] Level 1:colcon.colcon_core.package_discovery:discover_packages(ignore) using defaults
[0.213s] Level 1:colcon.colcon_core.package_discovery:discover_packages(path) discover
[0.213s] Level 1:colcon.colcon_core.package_discovery:discover_packages(path) using defaults
[0.228s] Level 1:colcon.colcon_core.package_discovery:discover_packages(prefix_path) check parameters
[0.228s] Level 1:colcon.colcon_core.package_discovery:discover_packages(prefix_path) discover
[0.229s] DEBUG:colcon.colcon_installed_package_information.package_discovery:Found 260 installed packages in /opt/ros/foxy
[0.230s] Level 1:colcon.colcon_core.package_discovery:discover_packages(prefix_path) using defaults
[0.258s] Level 5:colcon.colcon_core.verb:set package 'module_1_assignment' build argument 'cmake_args' from command line to 'None'
[0.258s] Level 5:colcon.colcon_core.verb:set package 'module_1_assignment' build argument 'cmake_target' from command line to 'None'
[0.258s] Level 5:colcon.colcon_core.verb:set package 'module_1_assignment' build argument 'cmake_target_skip_unavailable' from command line to 'False'
[0.258s] Level 5:colcon.colcon_core.verb:set package 'module_1_assignment' build argument 'cmake_clean_cache' from command line to 'False'
[0.258s] Level 5:colcon.colcon_core.verb:set package 'module_1_assignment' build argument 'cmake_clean_first' from command line to 'False'
[0.258s] Level 5:colcon.colcon_core.verb:set package 'module_1_assignment' build argument 'cmake_force_configure' from command line to 'False'
[0.258s] Level 5:colcon.colcon_core.verb:set package 'module_1_assignment' build argument 'ament_cmake_args' from command line to 'None'
[0.258s] Level 5:colcon.colcon_core.verb:set package 'module_1_assignment' build argument 'catkin_cmake_args' from command line to 'None'
[0.258s] Level 5:colcon.colcon_core.verb:set package 'module_1_assignment' build argument 'catkin_skip_building_tests' from command line to 'False'
[0.258s] DEBUG:colcon.colcon_core.verb:Building package 'module_1_assignment' with the following arguments: {'ament_cmake_args': None, 'build_base': '/home/her0/assignment_ws/src/robotics_software_engineer/build/module_1_assignment', 'catkin_cmake_args': None, 'catkin_skip_building_tests': False, 'cmake_args': None, 'cmake_clean_cache': False, 'cmake_clean_first': False, 'cmake_force_configure': False, 'cmake_target': None, 'cmake_target_skip_unavailable': False, 'install_base': '/home/her0/assignment_ws/src/robotics_software_engineer/install/module_1_assignment', 'merge_install': False, 'path': '/home/her0/assignment_ws/src/robotics_software_engineer/module_1_assignment', 'symlink_install': False, 'test_result_base': None}
[0.258s] Level 5:colcon.colcon_core.verb:set package 'module_2_assignment' build argument 'cmake_args' from command line to 'None'
[0.258s] Level 5:colcon.colcon_core.verb:set package 'module_2_assignment' build argument 'cmake_target' from command line to 'None'
[0.258s] Level 5:colcon.colcon_core.verb:set package 'module_2_assignment' build argument 'cmake_target_skip_unavailable' from command line to 'False'
[0.258s] Level 5:colcon.colcon_core.verb:set package 'module_2_assignment' build argument 'cmake_clean_cache' from command line to 'False'
[0.258s] Level 5:colcon.colcon_core.verb:set package 'module_2_assignment' build argument 'cmake_clean_first' from command line to 'False'
[0.258s] Level 5:colcon.colcon_core.verb:set package 'module_2_assignment' build argument 'cmake_force_configure' from command line to 'False'
[0.258s] Level 5:colcon.colcon_core.verb:set package 'module_2_assignment' build argument 'ament_cmake_args' from command line to 'None'
[0.258s] Level 5:colcon.colcon_core.verb:set package 'module_2_assignment' build argument 'catkin_cmake_args' from command line to 'None'
[0.258s] Level 5:colcon.colcon_core.verb:set package 'module_2_assignment' build argument 'catkin_skip_building_tests' from command line to 'False'
[0.258s] DEBUG:colcon.colcon_core.verb:Building package 'module_2_assignment' with the following arguments: {'ament_cmake_args': None, 'build_base': '/home/her0/assignment_ws/src/robotics_software_engineer/build/module_2_assignment', 'catkin_cmake_args': None, 'catkin_skip_building_tests': False, 'cmake_args': None, 'cmake_clean_cache': False, 'cmake_clean_first': False, 'cmake_force_configure': False, 'cmake_target': None, 'cmake_target_skip_unavailable': False, 'install_base': '/home/her0/assignment_ws/src/robotics_software_engineer/install/module_2_assignment', 'merge_install': False, 'path': '/home/her0/assignment_ws/src/robotics_software_engineer/module_2_assignment', 'symlink_install': False, 'test_result_base': None}
[0.258s] Level 5:colcon.colcon_core.verb:set package 'module_3_assignment' build argument 'cmake_args' from command line to 'None'
[0.258s] Level 5:colcon.colcon_core.verb:set package 'module_3_assignment' build argument 'cmake_target' from command line to 'None'
[0.258s] Level 5:colcon.colcon_core.verb:set package 'module_3_assignment' build argument 'cmake_target_skip_unavailable' from command line to 'False'
[0.258s] Level 5:colcon.colcon_core.verb:set package 'module_3_assignment' build argument 'cmake_clean_cache' from command line to 'False'
[0.258s] Level 5:colcon.colcon_core.verb:set package 'module_3_assignment' build argument 'cmake_clean_first' from command line to 'False'
[0.258s] Level 5:colcon.colcon_core.verb:set package 'module_3_assignment' build argument 'cmake_force_configure' from command line to 'False'
[0.258s] Level 5:colcon.colcon_core.verb:set package 'module_3_assignment' build argument 'ament_cmake_args' from command line to 'None'
[0.258s] Level 5:colcon.colcon_core.verb:set package 'module_3_assignment' build argument 'catkin_cmake_args' from command line to 'None'
[0.258s] Level 5:colcon.colcon_core.verb:set package 'module_3_assignment' build argument 'catkin_skip_building_tests' from command line to 'False'
[0.258s] DEBUG:colcon.colcon_core.verb:Building package 'module_3_assignment' with the following arguments: {'ament_cmake_args': None, 'build_base': '/home/her0/assignment_ws/src/robotics_software_engineer/build/module_3_assignment', 'catkin_cmake_args': None, 'catkin_skip_building_tests': False, 'cmake_args': None, 'cmake_clean_cache': False, 'cmake_clean_first': False, 'cmake_force_configure': False, 'cmake_target': None, 'cmake_target_skip_unavailable': False, 'install_base': '/home/her0/assignment_ws/src/robotics_software_engineer/install/module_3_assignment', 'merge_install': False, 'path': '/home/her0/assignment_ws/src/robotics_software_engineer/module_3_assignment', 'symlink_install': False, 'test_result_base': None}
[0.259s] Level 5:colcon.colcon_core.verb:set package 'module_4_assignment' build argument 'cmake_args' from command line to 'None'
[0.259s] Level 5:colcon.colcon_core.verb:set package 'module_4_assignment' build argument 'cmake_target' from command line to 'None'
[0.259s] Level 5:colcon.colcon_core.verb:set package 'module_4_assignment' build argument 'cmake_target_skip_unavailable' from command line to 'False'
[0.259s] Level 5:colcon.colcon_core.verb:set package 'module_4_assignment' build argument 'cmake_clean_cache' from command line to 'False'
[0.259s] Level 5:colcon.colcon_core.verb:set package 'module_4_assignment' build argument 'cmake_clean_first' from command line to 'False'
[0.259s] Level 5:colcon.colcon_core.verb:set package 'module_4_assignment' build argument 'cmake_force_configure' from command line to 'False'
[0.259s] Level 5:colcon.colcon_core.verb:set package 'module_4_assignment' build argument 'ament_cmake_args' from command line to 'None'
[0.259s] Level 5:colcon.colcon_core.verb:set package 'module_4_assignment' build argument 'catkin_cmake_args' from command line to 'None'
[0.259s] Level 5:colcon.colcon_core.verb:set package 'module_4_assignment' build argument 'catkin_skip_building_tests' from command line to 'False'
[0.259s] DEBUG:colcon.colcon_core.verb:Building package 'module_4_assignment' with the following arguments: {'ament_cmake_args': None, 'build_base': '/home/her0/assignment_ws/src/robotics_software_engineer/build/module_4_assignment', 'catkin_cmake_args': None, 'catkin_skip_building_tests': False, 'cmake_args': None, 'cmake_clean_cache': False, 'cmake_clean_first': False, 'cmake_force_configure': False, 'cmake_target': None, 'cmake_target_skip_unavailable': False, 'install_base': '/home/her0/assignment_ws/src/robotics_software_engineer/install/module_4_assignment', 'merge_install': False, 'path': '/home/her0/assignment_ws/src/robotics_software_engineer/module_4_assessment/module_4_assignment', 'symlink_install': False, 'test_result_base': None}
[0.259s] Level 5:colcon.colcon_core.verb:set package 'module_5_assignment' build argument 'cmake_args' from command line to 'None'
[0.259s] Level 5:colcon.colcon_core.verb:set package 'module_5_assignment' build argument 'cmake_target' from command line to 'None'
[0.259s] Level 5:colcon.colcon_core.verb:set package 'module_5_assignment' build argument 'cmake_target_skip_unavailable' from command line to 'False'
[0.259s] Level 5:colcon.colcon_core.verb:set package 'module_5_assignment' build argument 'cmake_clean_cache' from command line to 'False'
[0.259s] Level 5:colcon.colcon_core.verb:set package 'module_5_assignment' build argument 'cmake_clean_first' from command line to 'False'
[0.259s] Level 5:colcon.colcon_core.verb:set package 'module_5_assignment' build argument 'cmake_force_configure' from command line to 'False'
[0.259s] Level 5:colcon.colcon_core.verb:set package 'module_5_assignment' build argument 'ament_cmake_args' from command line to 'None'
[0.259s] Level 5:colcon.colcon_core.verb:set package 'module_5_assignment' build argument 'catkin_cmake_args' from command line to 'None'
[0.259s] Level 5:colcon.colcon_core.verb:set package 'module_5_assignment' build argument 'catkin_skip_building_tests' from command line to 'False'
[0.259s] DEBUG:colcon.colcon_core.verb:Building package 'module_5_assignment' with the following arguments: {'ament_cmake_args': None, 'build_base': '/home/her0/assignment_ws/src/robotics_software_engineer/build/module_5_assignment', 'catkin_cmake_args': None, 'catkin_skip_building_tests': False, 'cmake_args': None, 'cmake_clean_cache': False, 'cmake_clean_first': False, 'cmake_force_configure': False, 'cmake_target': None, 'cmake_target_skip_unavailable': False, 'install_base': '/home/her0/assignment_ws/src/robotics_software_engineer/install/module_5_assignment', 'merge_install': False, 'path': '/home/her0/assignment_ws/src/robotics_software_engineer/module_5_assignment', 'symlink_install': False, 'test_result_base': None}
[0.259s] Level 5:colcon.colcon_core.verb:set package 'module_6_assignment' build argument 'cmake_args' from command line to 'None'
[0.259s] Level 5:colcon.colcon_core.verb:set package 'module_6_assignment' build argument 'cmake_target' from command line to 'None'
[0.259s] Level 5:colcon.colcon_core.verb:set package 'module_6_assignment' build argument 'cmake_target_skip_unavailable' from command line to 'False'
[0.259s] Level 5:colcon.colcon_core.verb:set package 'module_6_assignment' build argument 'cmake_clean_cache' from command line to 'False'
[0.259s] Level 5:colcon.colcon_core.verb:set package 'module_6_assignment' build argument 'cmake_clean_first' from command line to 'False'
[0.259s] Level 5:colcon.colcon_core.verb:set package 'module_6_assignment' build argument 'cmake_force_configure' from command line to 'False'
[0.259s] Level 5:colcon.colcon_core.verb:set package 'module_6_assignment' build argument 'ament_cmake_args' from command line to 'None'
[0.259s] Level 5:colcon.colcon_core.verb:set package 'module_6_assignment' build argument 'catkin_cmake_args' from command line to 'None'
[0.259s] Level 5:colcon.colcon_core.verb:set package 'module_6_assignment' build argument 'catkin_skip_building_tests' from command line to 'False'
[0.259s] DEBUG:colcon.colcon_core.verb:Building package 'module_6_assignment' with the following arguments: {'ament_cmake_args': None, 'build_base': '/home/her0/assignment_ws/src/robotics_software_engineer/build/module_6_assignment', 'catkin_cmake_args': None, 'catkin_skip_building_tests': False, 'cmake_args': None, 'cmake_clean_cache': False, 'cmake_clean_first': False, 'cmake_force_configure': False, 'cmake_target': None, 'cmake_target_skip_unavailable': False, 'install_base': '/home/her0/assignment_ws/src/robotics_software_engineer/install/module_6_assignment', 'merge_install': False, 'path': '/home/her0/assignment_ws/src/robotics_software_engineer/module_6_assignment', 'symlink_install': False, 'test_result_base': None}
[0.259s] Level 5:colcon.colcon_core.verb:set package 'module_7_assignment' build argument 'cmake_args' from command line to 'None'
[0.260s] Level 5:colcon.colcon_core.verb:set package 'module_7_assignment' build argument 'cmake_target' from command line to 'None'
[0.260s] Level 5:colcon.colcon_core.verb:set package 'module_7_assignment' build argument 'cmake_target_skip_unavailable' from command line to 'False'
[0.260s] Level 5:colcon.colcon_core.verb:set package 'module_7_assignment' build argument 'cmake_clean_cache' from command line to 'False'
[0.260s] Level 5:colcon.colcon_core.verb:set package 'module_7_assignment' build argument 'cmake_clean_first' from command line to 'False'
[0.260s] Level 5:colcon.colcon_core.verb:set package 'module_7_assignment' build argument 'cmake_force_configure' from command line to 'False'
[0.260s] Level 5:colcon.colcon_core.verb:set package 'module_7_assignment' build argument 'ament_cmake_args' from command line to 'None'
[0.260s] Level 5:colcon.colcon_core.verb:set package 'module_7_assignment' build argument 'catkin_cmake_args' from command line to 'None'
[0.260s] Level 5:colcon.colcon_core.verb:set package 'module_7_assignment' build argument 'catkin_skip_building_tests' from command line to 'False'
[0.260s] DEBUG:colcon.colcon_core.verb:Building package 'module_7_assignment' with the following arguments: {'ament_cmake_args': None, 'build_base': '/home/her0/assignment_ws/src/robotics_software_engineer/build/module_7_assignment', 'catkin_cmake_args': None, 'catkin_skip_building_tests': False, 'cmake_args': None, 'cmake_clean_cache': False, 'cmake_clean_first': False, 'cmake_force_configure': False, 'cmake_target': None, 'cmake_target_skip_unavailable': False, 'install_base': '/home/her0/assignment_ws/src/robotics_software_engineer/install/module_7_assignment', 'merge_install': False, 'path': '/home/her0/assignment_ws/src/robotics_software_engineer/module_7_assignment', 'symlink_install': False, 'test_result_base': None}
[0.260s] Level 5:colcon.colcon_core.verb:set package 'module_8_assignment' build argument 'cmake_args' from command line to 'None'
[0.260s] Level 5:colcon.colcon_core.verb:set package 'module_8_assignment' build argument 'cmake_target' from command line to 'None'
[0.260s] Level 5:colcon.colcon_core.verb:set package 'module_8_assignment' build argument 'cmake_target_skip_unavailable' from command line to 'False'
[0.260s] Level 5:colcon.colcon_core.verb:set package 'module_8_assignment' build argument 'cmake_clean_cache' from command line to 'False'
[0.260s] Level 5:colcon.colcon_core.verb:set package 'module_8_assignment' build argument 'cmake_clean_first' from command line to 'False'
[0.260s] Level 5:colcon.colcon_core.verb:set package 'module_8_assignment' build argument 'cmake_force_configure' from command line to 'False'
[0.260s] Level 5:colcon.colcon_core.verb:set package 'module_8_assignment' build argument 'ament_cmake_args' from command line to 'None'
[0.260s] Level 5:colcon.colcon_core.verb:set package 'module_8_assignment' build argument 'catkin_cmake_args' from command line to 'None'
[0.260s] Level 5:colcon.colcon_core.verb:set package 'module_8_assignment' build argument 'catkin_skip_building_tests' from command line to 'False'
[0.260s] DEBUG:colcon.colcon_core.verb:Building package 'module_8_assignment' with the following arguments: {'ament_cmake_args': None, 'build_base': '/home/her0/assignment_ws/src/robotics_software_engineer/build/module_8_assignment', 'catkin_cmake_args': None, 'catkin_skip_building_tests': False, 'cmake_args': None, 'cmake_clean_cache': False, 'cmake_clean_first': False, 'cmake_force_configure': False, 'cmake_target': None, 'cmake_target_skip_unavailable': False, 'install_base': '/home/her0/assignment_ws/src/robotics_software_engineer/install/module_8_assignment', 'merge_install': False, 'path': '/home/her0/assignment_ws/src/robotics_software_engineer/module_8_assignment', 'symlink_install': False, 'test_result_base': None}
[0.260s] Level 5:colcon.colcon_core.verb:set package 'robot_sensing_debug' build argument 'cmake_args' from command line to 'None'
[0.260s] Level 5:colcon.colcon_core.verb:set package 'robot_sensing_debug' build argument 'cmake_target' from command line to 'None'
[0.260s] Level 5:colcon.colcon_core.verb:set package 'robot_sensing_debug' build argument 'cmake_target_skip_unavailable' from command line to 'False'
[0.260s] Level 5:colcon.colcon_core.verb:set package 'robot_sensing_debug' build argument 'cmake_clean_cache' from command line to 'False'
[0.260s] Level 5:colcon.colcon_core.verb:set package 'robot_sensing_debug' build argument 'cmake_clean_first' from command line to 'False'
[0.260s] Level 5:colcon.colcon_core.verb:set package 'robot_sensing_debug' build argument 'cmake_force_configure' from command line to 'False'
[0.260s] Level 5:colcon.colcon_core.verb:set package 'robot_sensing_debug' build argument 'ament_cmake_args' from command line to 'None'
[0.260s] Level 5:colcon.colcon_core.verb:set package 'robot_sensing_debug' build argument 'catkin_cmake_args' from command line to 'None'
[0.260s] Level 5:colcon.colcon_core.verb:set package 'robot_sensing_debug' build argument 'catkin_skip_building_tests' from command line to 'False'
[0.260s] DEBUG:colcon.colcon_core.verb:Building package 'robot_sensing_debug' with the following arguments: {'ament_cmake_args': None, 'build_base': '/home/her0/assignment_ws/src/robotics_software_engineer/build/robot_sensing_debug', 'catkin_cmake_args': None, 'catkin_skip_building_tests': False, 'cmake_args': None, 'cmake_clean_cache': False, 'cmake_clean_first': False, 'cmake_force_configure': False, 'cmake_target': None, 'cmake_target_skip_unavailable': False, 'install_base': '/home/her0/assignment_ws/src/robotics_software_engineer/install/robot_sensing_debug', 'merge_install': False, 'path': '/home/her0/assignment_ws/src/robotics_software_engineer/module_4_assessment/robot_sensing_debug', 'symlink_install': False, 'test_result_base': None}
[0.260s] INFO:colcon.colcon_core.executor:Executing jobs using 'parallel' executor
[0.261s] DEBUG:colcon.colcon_parallel_executor.executor.parallel:run_until_complete
[0.261s] INFO:colcon.colcon_ros.task.ament_cmake.build:Building ROS package in '/home/her0/assignment_ws/src/robotics_software_engineer/module_1_assignment' with build type 'ament_cmake'
[0.261s] INFO:colcon.colcon_cmake.task.cmake.build:Building CMake package in '/home/her0/assignment_ws/src/robotics_software_engineer/module_1_assignment'
[0.262s] INFO:colcon.colcon_core.plugin_system:Skipping extension 'colcon_core.shell.bat': Not used on non-Windows systems
[0.263s] INFO:colcon.colcon_core.shell:Skip shell extension 'powershell' for command environment: Not usable outside of PowerShell
[0.263s] DEBUG:colcon.colcon_core.shell:Skip shell extension 'dsv' for command environment
[0.265s] INFO:colcon.colcon_ros.task.ament_cmake.build:Building ROS package in '/home/her0/assignment_ws/src/robotics_software_engineer/module_2_assignment' with build type 'ament_cmake'
[0.265s] INFO:colcon.colcon_cmake.task.cmake.build:Building CMake package in '/home/her0/assignment_ws/src/robotics_software_engineer/module_2_assignment'
[0.265s] INFO:colcon.colcon_core.shell:Skip shell extension 'powershell' for command environment: Not usable outside of PowerShell
[0.265s] DEBUG:colcon.colcon_core.shell:Skip shell extension 'dsv' for command environment
[0.268s] INFO:colcon.colcon_ros.task.ament_cmake.build:Building ROS package in '/home/her0/assignment_ws/src/robotics_software_engineer/module_3_assignment' with build type 'ament_cmake'
[0.268s] INFO:colcon.colcon_cmake.task.cmake.build:Building CMake package in '/home/her0/assignment_ws/src/robotics_software_engineer/module_3_assignment'
[0.268s] INFO:colcon.colcon_core.shell:Skip shell extension 'powershell' for command environment: Not usable outside of PowerShell
[0.268s] DEBUG:colcon.colcon_core.shell:Skip shell extension 'dsv' for command environment
[0.271s] INFO:colcon.colcon_ros.task.ament_cmake.build:Building ROS package in '/home/her0/assignment_ws/src/robotics_software_engineer/module_4_assessment/module_4_assignment' with build type 'ament_cmake'
[0.271s] INFO:colcon.colcon_cmake.task.cmake.build:Building CMake package in '/home/her0/assignment_ws/src/robotics_software_engineer/module_4_assessment/module_4_assignment'
[0.271s] INFO:colcon.colcon_core.shell:Skip shell extension 'powershell' for command environment: Not usable outside of PowerShell
[0.271s] DEBUG:colcon.colcon_core.shell:Skip shell extension 'dsv' for command environment
[0.273s] INFO:colcon.colcon_ros.task.ament_cmake.build:Building ROS package in '/home/her0/assignment_ws/src/robotics_software_engineer/module_5_assignment' with build type 'ament_cmake'
[0.274s] INFO:colcon.colcon_cmake.task.cmake.build:Building CMake package in '/home/her0/assignment_ws/src/robotics_software_engineer/module_5_assignment'
[0.274s] INFO:colcon.colcon_core.shell:Skip shell extension 'powershell' for command environment: Not usable outside of PowerShell
[0.274s] DEBUG:colcon.colcon_core.shell:Skip shell extension 'dsv' for command environment
[0.277s] INFO:colcon.colcon_ros.task.ament_cmake.build:Building ROS package in '/home/her0/assignment_ws/src/robotics_software_engineer/module_6_assignment' with build type 'ament_cmake'
[0.277s] INFO:colcon.colcon_cmake.task.cmake.build:Building CMake package in '/home/her0/assignment_ws/src/robotics_software_engineer/module_6_assignment'
[0.277s] INFO:colcon.colcon_core.shell:Skip shell extension 'powershell' for command environment: Not usable outside of PowerShell
[0.278s] DEBUG:colcon.colcon_core.shell:Skip shell extension 'dsv' for command environment
[0.280s] INFO:colcon.colcon_ros.task.ament_cmake.build:Building ROS package in '/home/her0/assignment_ws/src/robotics_software_engineer/module_7_assignment' with build type 'ament_cmake'
[0.280s] INFO:colcon.colcon_cmake.task.cmake.build:Building CMake package in '/home/her0/assignment_ws/src/robotics_software_engineer/module_7_assignment'
[0.281s] INFO:colcon.colcon_core.shell:Skip shell extension 'powershell' for command environment: Not usable outside of PowerShell
[0.281s] DEBUG:colcon.colcon_core.shell:Skip shell extension 'dsv' for command environment
[0.283s] INFO:colcon.colcon_ros.task.ament_cmake.build:Building ROS package in '/home/her0/assignment_ws/src/robotics_software_engineer/module_8_assignment' with build type 'ament_cmake'
[0.283s] INFO:colcon.colcon_cmake.task.cmake.build:Building CMake package in '/home/her0/assignment_ws/src/robotics_software_engineer/module_8_assignment'
[0.283s] INFO:colcon.colcon_core.shell:Skip shell extension 'powershell' for command environment: Not usable outside of PowerShell
[0.283s] DEBUG:colcon.colcon_core.shell:Skip shell extension 'dsv' for command environment
[0.286s] INFO:colcon.colcon_ros.task.ament_cmake.build:Building ROS package in '/home/her0/assignment_ws/src/robotics_software_engineer/module_4_assessment/robot_sensing_debug' with build type 'ament_cmake'
[0.286s] INFO:colcon.colcon_cmake.task.cmake.build:Building CMake package in '/home/her0/assignment_ws/src/robotics_software_engineer/module_4_assessment/robot_sensing_debug'
[0.286s] INFO:colcon.colcon_core.shell:Skip shell extension 'powershell' for command environment: Not usable outside of PowerShell
[0.286s] DEBUG:colcon.colcon_core.shell:Skip shell extension 'dsv' for command environment
[0.294s] DEBUG:colcon.colcon_core.event_handler.log_command:Invoking command in '/home/her0/assignment_ws/src/robotics_software_engineer/build/module_1_assignment': CMAKE_PREFIX_PATH=/opt/ros/foxy /usr/bin/cmake /home/her0/assignment_ws/src/robotics_software_engineer/module_1_assignment -DCMAKE_INSTALL_PREFIX=/home/her0/assignment_ws/src/robotics_software_engineer/install/module_1_assignment
[0.297s] DEBUG:colcon.colcon_core.event_handler.log_command:Invoking command in '/home/her0/assignment_ws/src/robotics_software_engineer/build/module_2_assignment': CMAKE_PREFIX_PATH=/opt/ros/foxy /usr/bin/cmake /home/her0/assignment_ws/src/robotics_software_engineer/module_2_assignment -DCMAKE_INSTALL_PREFIX=/home/her0/assignment_ws/src/robotics_software_engineer/install/module_2_assignment
[0.300s] DEBUG:colcon.colcon_core.event_handler.log_command:Invoking command in '/home/her0/assignment_ws/src/robotics_software_engineer/build/module_3_assignment': CMAKE_PREFIX_PATH=/opt/ros/foxy /usr/bin/cmake /home/her0/assignment_ws/src/robotics_software_engineer/module_3_assignment -DCMAKE_INSTALL_PREFIX=/home/her0/assignment_ws/src/robotics_software_engineer/install/module_3_assignment
[0.303s] DEBUG:colcon.colcon_core.event_handler.log_command:Invoking command in '/home/her0/assignment_ws/src/robotics_software_engineer/build/module_4_assignment': CMAKE_PREFIX_PATH=/opt/ros/foxy /usr/bin/cmake /home/her0/assignment_ws/src/robotics_software_engineer/module_4_assessment/module_4_assignment -DCMAKE_INSTALL_PREFIX=/home/her0/assignment_ws/src/robotics_software_engineer/install/module_4_assignment
[0.306s] DEBUG:colcon.colcon_core.event_handler.log_command:Invoking command in '/home/her0/assignment_ws/src/robotics_software_engineer/build/module_5_assignment': CMAKE_PREFIX_PATH=/opt/ros/foxy /usr/bin/cmake /home/her0/assignment_ws/src/robotics_software_engineer/module_5_assignment -DCMAKE_INSTALL_PREFIX=/home/her0/assignment_ws/src/robotics_software_engineer/install/module_5_assignment
[0.309s] DEBUG:colcon.colcon_core.event_handler.log_command:Invoking command in '/home/her0/assignment_ws/src/robotics_software_engineer/build/module_6_assignment': CMAKE_PREFIX_PATH=/opt/ros/foxy /usr/bin/cmake /home/her0/assignment_ws/src/robotics_software_engineer/module_6_assignment -DCMAKE_INSTALL_PREFIX=/home/her0/assignment_ws/src/robotics_software_engineer/install/module_6_assignment
[0.312s] DEBUG:colcon.colcon_core.event_handler.log_command:Invoking command in '/home/her0/assignment_ws/src/robotics_software_engineer/build/module_7_assignment': CMAKE_PREFIX_PATH=/opt/ros/foxy /usr/bin/cmake /home/her0/assignment_ws/src/robotics_software_engineer/module_7_assignment -DCMAKE_INSTALL_PREFIX=/home/her0/assignment_ws/src/robotics_software_engineer/install/module_7_assignment
[0.316s] DEBUG:colcon.colcon_core.event_handler.log_command:Invoking command in '/home/her0/assignment_ws/src/robotics_software_engineer/build/module_8_assignment': CMAKE_PREFIX_PATH=/opt/ros/foxy /usr/bin/cmake /home/her0/assignment_ws/src/robotics_software_engineer/module_8_assignment -DCMAKE_INSTALL_PREFIX=/home/her0/assignment_ws/src/robotics_software_engineer/install/module_8_assignment
[0.319s] DEBUG:colcon.colcon_core.event_handler.log_command:Invoking command in '/home/her0/assignment_ws/src/robotics_software_engineer/build/robot_sensing_debug': CMAKE_PREFIX_PATH=/opt/ros/foxy /usr/bin/cmake /home/her0/assignment_ws/src/robotics_software_engineer/module_4_assessment/robot_sensing_debug -DCMAKE_INSTALL_PREFIX=/home/her0/assignment_ws/src/robotics_software_engineer/install/robot_sensing_debug
[0.892s] DEBUG:colcon.colcon_core.event_handler.log_command:Invoked command in '/home/her0/assignment_ws/src/robotics_software_engineer/build/module_1_assignment' returned '0': CMAKE_PREFIX_PATH=/opt/ros/foxy /usr/bin/cmake /home/her0/assignment_ws/src/robotics_software_engineer/module_1_assignment -DCMAKE_INSTALL_PREFIX=/home/her0/assignment_ws/src/robotics_software_engineer/install/module_1_assignment
[0.897s] DEBUG:colcon.colcon_core.event_handler.log_command:Invoking command in '/home/her0/assignment_ws/src/robotics_software_engineer/build/module_1_assignment': CMAKE_PREFIX_PATH=/opt/ros/foxy /usr/bin/cmake --build /home/her0/assignment_ws/src/robotics_software_engineer/build/module_1_assignment -- -j12 -l12
[0.921s] DEBUG:colcon.colcon_core.event_handler.log_command:Invoked command in '/home/her0/assignment_ws/src/robotics_software_engineer/build/module_7_assignment' returned '0': CMAKE_PREFIX_PATH=/opt/ros/foxy /usr/bin/cmake /home/her0/assignment_ws/src/robotics_software_engineer/module_7_assignment -DCMAKE_INSTALL_PREFIX=/home/her0/assignment_ws/src/robotics_software_engineer/install/module_7_assignment
[0.922s] DEBUG:colcon.colcon_core.event_handler.log_command:Invoking command in '/home/her0/assignment_ws/src/robotics_software_engineer/build/module_7_assignment': CMAKE_PREFIX_PATH=/opt/ros/foxy /usr/bin/cmake --build /home/her0/assignment_ws/src/robotics_software_engineer/build/module_7_assignment -- -j12 -l12
[0.960s] DEBUG:colcon.colcon_core.event_handler.log_command:Invoked command in '/home/her0/assignment_ws/src/robotics_software_engineer/build/module_4_assignment' returned '0': CMAKE_PREFIX_PATH=/opt/ros/foxy /usr/bin/cmake /home/her0/assignment_ws/src/robotics_software_engineer/module_4_assessment/module_4_assignment -DCMAKE_INSTALL_PREFIX=/home/her0/assignment_ws/src/robotics_software_engineer/install/module_4_assignment
[0.961s] DEBUG:colcon.colcon_core.event_handler.log_command:Invoking command in '/home/her0/assignment_ws/src/robotics_software_engineer/build/module_4_assignment': CMAKE_PREFIX_PATH=/opt/ros/foxy /usr/bin/cmake --build /home/her0/assignment_ws/src/robotics_software_engineer/build/module_4_assignment -- -j12 -l12
[0.963s] DEBUG:colcon.colcon_core.event_handler.log_command:Invoked command in '/home/her0/assignment_ws/src/robotics_software_engineer/build/module_7_assignment' returned '0': CMAKE_PREFIX_PATH=/opt/ros/foxy /usr/bin/cmake --build /home/her0/assignment_ws/src/robotics_software_engineer/build/module_7_assignment -- -j12 -l12
[0.975s] DEBUG:colcon.colcon_core.event_handler.log_command:Invoking command in '/home/her0/assignment_ws/src/robotics_software_engineer/build/module_7_assignment': CMAKE_PREFIX_PATH=/opt/ros/foxy /usr/bin/cmake --install /home/her0/assignment_ws/src/robotics_software_engineer/build/module_7_assignment
[0.989s] DEBUG:colcon.colcon_core.event_handler.log_command:Invoked command in '/home/her0/assignment_ws/src/robotics_software_engineer/build/module_5_assignment' returned '0': CMAKE_PREFIX_PATH=/opt/ros/foxy /usr/bin/cmake /home/her0/assignment_ws/src/robotics_software_engineer/module_5_assignment -DCMAKE_INSTALL_PREFIX=/home/her0/assignment_ws/src/robotics_software_engineer/install/module_5_assignment
[0.993s] DEBUG:colcon.colcon_core.event_handler.log_command:Invoking command in '/home/her0/assignment_ws/src/robotics_software_engineer/build/module_5_assignment': CMAKE_PREFIX_PATH=/opt/ros/foxy /usr/bin/cmake --build /home/her0/assignment_ws/src/robotics_software_engineer/build/module_5_assignment -- -j12 -l12
[0.994s] Level 1:colcon.colcon_core.environment:create_environment_scripts_only(module_7_assignment)
[0.995s] DEBUG:colcon.colcon_core.event_handler.log_command:Invoked command in '/home/her0/assignment_ws/src/robotics_software_engineer/build/module_7_assignment' returned '0': CMAKE_PREFIX_PATH=/opt/ros/foxy /usr/bin/cmake --install /home/her0/assignment_ws/src/robotics_software_engineer/build/module_7_assignment
[0.997s] Level 1:colcon.colcon_core.environment:checking '/home/her0/assignment_ws/src/robotics_software_engineer/install/module_7_assignment' for CMake module files
[0.998s] Level 1:colcon.colcon_core.environment:checking '/home/her0/assignment_ws/src/robotics_software_engineer/install/module_7_assignment' for CMake config files
[0.999s] Level 1:colcon.colcon_core.shell:create_environment_hook('module_7_assignment', 'cmake_prefix_path')
[0.999s] INFO:colcon.colcon_core.shell:Creating environment hook '/home/her0/assignment_ws/src/robotics_software_engineer/install/module_7_assignment/share/module_7_assignment/hook/cmake_prefix_path.ps1'
[1.000s] INFO:colcon.colcon_core.shell:Creating environment descriptor '/home/her0/assignment_ws/src/robotics_software_engineer/install/module_7_assignment/share/module_7_assignment/hook/cmake_prefix_path.dsv'
[1.000s] INFO:colcon.colcon_core.shell:Creating environment hook '/home/her0/assignment_ws/src/robotics_software_engineer/install/module_7_assignment/share/module_7_assignment/hook/cmake_prefix_path.sh'
[1.001s] Level 1:colcon.colcon_core.environment:checking '/home/her0/assignment_ws/src/robotics_software_engineer/install/module_7_assignment/bin'
[1.001s] Level 1:colcon.colcon_core.environment:checking '/home/her0/assignment_ws/src/robotics_software_engineer/install/module_7_assignment/lib/pkgconfig/module_7_assignment.pc'
[1.002s] Level 1:colcon.colcon_core.environment:checking '/home/her0/assignment_ws/src/robotics_software_engineer/install/module_7_assignment/lib/python3.8/site-packages'
[1.002s] Level 1:colcon.colcon_core.environment:checking '/home/her0/assignment_ws/src/robotics_software_engineer/install/module_7_assignment/bin'
[1.002s] INFO:colcon.colcon_core.shell:Creating package script '/home/her0/assignment_ws/src/robotics_software_engineer/install/module_7_assignment/share/module_7_assignment/package.ps1'
[1.003s] INFO:colcon.colcon_core.shell:Creating package descriptor '/home/her0/assignment_ws/src/robotics_software_engineer/install/module_7_assignment/share/module_7_assignment/package.dsv'
[1.004s] INFO:colcon.colcon_core.shell:Creating package script '/home/her0/assignment_ws/src/robotics_software_engineer/install/module_7_assignment/share/module_7_assignment/package.sh'
[1.012s] INFO:colcon.colcon_core.shell:Creating package script '/home/her0/assignment_ws/src/robotics_software_engineer/install/module_7_assignment/share/module_7_assignment/package.bash'
[1.013s] INFO:colcon.colcon_core.shell:Creating package script '/home/her0/assignment_ws/src/robotics_software_engineer/install/module_7_assignment/share/module_7_assignment/package.zsh'
[1.014s] Level 1:colcon.colcon_core.environment:create_file_with_runtime_dependencies(/home/her0/assignment_ws/src/robotics_software_engineer/install/module_7_assignment/share/colcon-core/packages/module_7_assignment)
[1.014s] Level 1:colcon.colcon_core.environment:create_environment_scripts_only(module_7_assignment)
[1.014s] Level 1:colcon.colcon_core.environment:checking '/home/her0/assignment_ws/src/robotics_software_engineer/install/module_7_assignment' for CMake module files
[1.015s] Level 1:colcon.colcon_core.environment:checking '/home/her0/assignment_ws/src/robotics_software_engineer/install/module_7_assignment' for CMake config files
[1.015s] Level 1:colcon.colcon_core.shell:create_environment_hook('module_7_assignment', 'cmake_prefix_path')
[1.015s] INFO:colcon.colcon_core.shell:Creating environment hook '/home/her0/assignment_ws/src/robotics_software_engineer/install/module_7_assignment/share/module_7_assignment/hook/cmake_prefix_path.ps1'
[1.015s] INFO:colcon.colcon_core.shell:Creating environment descriptor '/home/her0/assignment_ws/src/robotics_software_engineer/install/module_7_assignment/share/module_7_assignment/hook/cmake_prefix_path.dsv'
[1.015s] INFO:colcon.colcon_core.shell:Creating environment hook '/home/her0/assignment_ws/src/robotics_software_engineer/install/module_7_assignment/share/module_7_assignment/hook/cmake_prefix_path.sh'
[1.016s] Level 1:colcon.colcon_core.environment:checking '/home/her0/assignment_ws/src/robotics_software_engineer/install/module_7_assignment/bin'
[1.016s] Level 1:colcon.colcon_core.environment:checking '/home/her0/assignment_ws/src/robotics_software_engineer/install/module_7_assignment/lib/pkgconfig/module_7_assignment.pc'
[1.016s] Level 1:colcon.colcon_core.environment:checking '/home/her0/assignment_ws/src/robotics_software_engineer/install/module_7_assignment/lib/python3.8/site-packages'
[1.016s] Level 1:colcon.colcon_core.environment:checking '/home/her0/assignment_ws/src/robotics_software_engineer/install/module_7_assignment/bin'
[1.016s] INFO:colcon.colcon_core.shell:Creating package script '/home/her0/assignment_ws/src/robotics_software_engineer/install/module_7_assignment/share/module_7_assignment/package.ps1'
[1.017s] INFO:colcon.colcon_core.shell:Creating package descriptor '/home/her0/assignment_ws/src/robotics_software_engineer/install/module_7_assignment/share/module_7_assignment/package.dsv'
[1.017s] INFO:colcon.colcon_core.shell:Creating package script '/home/her0/assignment_ws/src/robotics_software_engineer/install/module_7_assignment/share/module_7_assignment/package.sh'
[1.017s] INFO:colcon.colcon_core.shell:Creating package script '/home/her0/assignment_ws/src/robotics_software_engineer/install/module_7_assignment/share/module_7_assignment/package.bash'
[1.017s] INFO:colcon.colcon_core.shell:Creating package script '/home/her0/assignment_ws/src/robotics_software_engineer/install/module_7_assignment/share/module_7_assignment/package.zsh'
[1.018s] Level 1:colcon.colcon_core.environment:create_file_with_runtime_dependencies(/home/her0/assignment_ws/src/robotics_software_engineer/install/module_7_assignment/share/colcon-core/packages/module_7_assignment)
[1.019s] DEBUG:colcon.colcon_core.event_handler.log_command:Invoked command in '/home/her0/assignment_ws/src/robotics_software_engineer/build/module_4_assignment' returned '0': CMAKE_PREFIX_PATH=/opt/ros/foxy /usr/bin/cmake --build /home/her0/assignment_ws/src/robotics_software_engineer/build/module_4_assignment -- -j12 -l12
[1.021s] DEBUG:colcon.colcon_core.event_handler.log_command:Invoking command in '/home/her0/assignment_ws/src/robotics_software_engineer/build/module_4_assignment': CMAKE_PREFIX_PATH=/opt/ros/foxy /usr/bin/cmake --install /home/her0/assignment_ws/src/robotics_software_engineer/build/module_4_assignment
[1.022s] DEBUG:colcon.colcon_core.event_handler.log_command:Invoked command in '/home/her0/assignment_ws/src/robotics_software_engineer/build/module_8_assignment' returned '0': CMAKE_PREFIX_PATH=/opt/ros/foxy /usr/bin/cmake /home/her0/assignment_ws/src/robotics_software_engineer/module_8_assignment -DCMAKE_INSTALL_PREFIX=/home/her0/assignment_ws/src/robotics_software_engineer/install/module_8_assignment
[1.025s] DEBUG:colcon.colcon_core.event_handler.log_command:Invoking command in '/home/her0/assignment_ws/src/robotics_software_engineer/build/module_8_assignment': CMAKE_PREFIX_PATH=/opt/ros/foxy /usr/bin/cmake --build /home/her0/assignment_ws/src/robotics_software_engineer/build/module_8_assignment -- -j12 -l12
[1.026s] DEBUG:colcon.colcon_core.event_handler.log_command:Invoked command in '/home/her0/assignment_ws/src/robotics_software_engineer/build/module_3_assignment' returned '0': CMAKE_PREFIX_PATH=/opt/ros/foxy /usr/bin/cmake /home/her0/assignment_ws/src/robotics_software_engineer/module_3_assignment -DCMAKE_INSTALL_PREFIX=/home/her0/assignment_ws/src/robotics_software_engineer/install/module_3_assignment
[1.028s] DEBUG:colcon.colcon_core.event_handler.log_command:Invoking command in '/home/her0/assignment_ws/src/robotics_software_engineer/build/module_3_assignment': CMAKE_PREFIX_PATH=/opt/ros/foxy /usr/bin/cmake --build /home/her0/assignment_ws/src/robotics_software_engineer/build/module_3_assignment -- -j12 -l12
[1.042s] Level 1:colcon.colcon_core.environment:create_environment_scripts_only(module_4_assignment)
[1.043s] Level 1:colcon.colcon_core.environment:checking '/home/her0/assignment_ws/src/robotics_software_engineer/install/module_4_assignment' for CMake module files
[1.044s] DEBUG:colcon.colcon_core.event_handler.log_command:Invoked command in '/home/her0/assignment_ws/src/robotics_software_engineer/build/module_6_assignment' returned '0': CMAKE_PREFIX_PATH=/opt/ros/foxy /usr/bin/cmake /home/her0/assignment_ws/src/robotics_software_engineer/module_6_assignment -DCMAKE_INSTALL_PREFIX=/home/her0/assignment_ws/src/robotics_software_engineer/install/module_6_assignment
[1.045s] DEBUG:colcon.colcon_core.event_handler.log_command:Invoking command in '/home/her0/assignment_ws/src/robotics_software_engineer/build/module_6_assignment': CMAKE_PREFIX_PATH=/opt/ros/foxy /usr/bin/cmake --build /home/her0/assignment_ws/src/robotics_software_engineer/build/module_6_assignment -- -j12 -l12
[1.045s] DEBUG:colcon.colcon_core.event_handler.log_command:Invoked command in '/home/her0/assignment_ws/src/robotics_software_engineer/build/module_4_assignment' returned '0': CMAKE_PREFIX_PATH=/opt/ros/foxy /usr/bin/cmake --install /home/her0/assignment_ws/src/robotics_software_engineer/build/module_4_assignment
[1.045s] Level 1:colcon.colcon_core.environment:checking '/home/her0/assignment_ws/src/robotics_software_engineer/install/module_4_assignment' for CMake config files
[1.045s] Level 1:colcon.colcon_core.shell:create_environment_hook('module_4_assignment', 'cmake_prefix_path')
[1.046s] INFO:colcon.colcon_core.shell:Creating environment hook '/home/her0/assignment_ws/src/robotics_software_engineer/install/module_4_assignment/share/module_4_assignment/hook/cmake_prefix_path.ps1'
[1.046s] INFO:colcon.colcon_core.shell:Creating environment descriptor '/home/her0/assignment_ws/src/robotics_software_engineer/install/module_4_assignment/share/module_4_assignment/hook/cmake_prefix_path.dsv'
[1.047s] INFO:colcon.colcon_core.shell:Creating environment hook '/home/her0/assignment_ws/src/robotics_software_engineer/install/module_4_assignment/share/module_4_assignment/hook/cmake_prefix_path.sh'
[1.047s] Level 1:colcon.colcon_core.environment:checking '/home/her0/assignment_ws/src/robotics_software_engineer/install/module_4_assignment/bin'
[1.048s] Level 1:colcon.colcon_core.environment:checking '/home/her0/assignment_ws/src/robotics_software_engineer/install/module_4_assignment/lib/pkgconfig/module_4_assignment.pc'
[1.048s] Level 1:colcon.colcon_core.environment:checking '/home/her0/assignment_ws/src/robotics_software_engineer/install/module_4_assignment/lib/python3.8/site-packages'
[1.048s] Level 1:colcon.colcon_core.environment:checking '/home/her0/assignment_ws/src/robotics_software_engineer/install/module_4_assignment/bin'
[1.049s] INFO:colcon.colcon_core.shell:Creating package script '/home/her0/assignment_ws/src/robotics_software_engineer/install/module_4_assignment/share/module_4_assignment/package.ps1'
[1.049s] INFO:colcon.colcon_core.shell:Creating package descriptor '/home/her0/assignment_ws/src/robotics_software_engineer/install/module_4_assignment/share/module_4_assignment/package.dsv'
[1.050s] INFO:colcon.colcon_core.shell:Creating package script '/home/her0/assignment_ws/src/robotics_software_engineer/install/module_4_assignment/share/module_4_assignment/package.sh'
[1.050s] INFO:colcon.colcon_core.shell:Creating package script '/home/her0/assignment_ws/src/robotics_software_engineer/install/module_4_assignment/share/module_4_assignment/package.bash'
[1.051s] INFO:colcon.colcon_core.shell:Creating package script '/home/her0/assignment_ws/src/robotics_software_engineer/install/module_4_assignment/share/module_4_assignment/package.zsh'
[1.051s] Level 1:colcon.colcon_core.environment:create_file_with_runtime_dependencies(/home/her0/assignment_ws/src/robotics_software_engineer/install/module_4_assignment/share/colcon-core/packages/module_4_assignment)
[1.052s] Level 1:colcon.colcon_core.environment:create_environment_scripts_only(module_4_assignment)
[1.052s] Level 1:colcon.colcon_core.environment:checking '/home/her0/assignment_ws/src/robotics_software_engineer/install/module_4_assignment' for CMake module files
[1.053s] Level 1:colcon.colcon_core.environment:checking '/home/her0/assignment_ws/src/robotics_software_engineer/install/module_4_assignment' for CMake config files
[1.053s] Level 1:colcon.colcon_core.shell:create_environment_hook('module_4_assignment', 'cmake_prefix_path')
[1.053s] INFO:colcon.colcon_core.shell:Creating environment hook '/home/her0/assignment_ws/src/robotics_software_engineer/install/module_4_assignment/share/module_4_assignment/hook/cmake_prefix_path.ps1'
[1.054s] INFO:colcon.colcon_core.shell:Creating environment descriptor '/home/her0/assignment_ws/src/robotics_software_engineer/install/module_4_assignment/share/module_4_assignment/hook/cmake_prefix_path.dsv'
[1.054s] INFO:colcon.colcon_core.shell:Creating environment hook '/home/her0/assignment_ws/src/robotics_software_engineer/install/module_4_assignment/share/module_4_assignment/hook/cmake_prefix_path.sh'
[1.055s] Level 1:colcon.colcon_core.environment:checking '/home/her0/assignment_ws/src/robotics_software_engineer/install/module_4_assignment/bin'
[1.055s] Level 1:colcon.colcon_core.environment:checking '/home/her0/assignment_ws/src/robotics_software_engineer/install/module_4_assignment/lib/pkgconfig/module_4_assignment.pc'
[1.055s] Level 1:colcon.colcon_core.environment:checking '/home/her0/assignment_ws/src/robotics_software_engineer/install/module_4_assignment/lib/python3.8/site-packages'
[1.055s] Level 1:colcon.colcon_core.environment:checking '/home/her0/assignment_ws/src/robotics_software_engineer/install/module_4_assignment/bin'
[1.056s] INFO:colcon.colcon_core.shell:Creating package script '/home/her0/assignment_ws/src/robotics_software_engineer/install/module_4_assignment/share/module_4_assignment/package.ps1'
[1.057s] INFO:colcon.colcon_core.shell:Creating package descriptor '/home/her0/assignment_ws/src/robotics_software_engineer/install/module_4_assignment/share/module_4_assignment/package.dsv'
[1.057s] INFO:colcon.colcon_core.shell:Creating package script '/home/her0/assignment_ws/src/robotics_software_engineer/install/module_4_assignment/share/module_4_assignment/package.sh'
[1.058s] INFO:colcon.colcon_core.shell:Creating package script '/home/her0/assignment_ws/src/robotics_software_engineer/install/module_4_assignment/share/module_4_assignment/package.bash'
[1.059s] INFO:colcon.colcon_core.shell:Creating package script '/home/her0/assignment_ws/src/robotics_software_engineer/install/module_4_assignment/share/module_4_assignment/package.zsh'
[1.059s] Level 1:colcon.colcon_core.environment:create_file_with_runtime_dependencies(/home/her0/assignment_ws/src/robotics_software_engineer/install/module_4_assignment/share/colcon-core/packages/module_4_assignment)
[1.060s] DEBUG:colcon.colcon_core.event_handler.log_command:Invoked command in '/home/her0/assignment_ws/src/robotics_software_engineer/build/module_5_assignment' returned '0': CMAKE_PREFIX_PATH=/opt/ros/foxy /usr/bin/cmake --build /home/her0/assignment_ws/src/robotics_software_engineer/build/module_5_assignment -- -j12 -l12
[1.061s] DEBUG:colcon.colcon_core.event_handler.log_command:Invoking command in '/home/her0/assignment_ws/src/robotics_software_engineer/build/module_5_assignment': CMAKE_PREFIX_PATH=/opt/ros/foxy /usr/bin/cmake --install /home/her0/assignment_ws/src/robotics_software_engineer/build/module_5_assignment
[1.066s] DEBUG:colcon.colcon_core.event_handler.log_command:Invoked command in '/home/her0/assignment_ws/src/robotics_software_engineer/build/module_8_assignment' returned '0': CMAKE_PREFIX_PATH=/opt/ros/foxy /usr/bin/cmake --build /home/her0/assignment_ws/src/robotics_software_engineer/build/module_8_assignment -- -j12 -l12
[1.069s] DEBUG:colcon.colcon_core.event_handler.log_command:Invoking command in '/home/her0/assignment_ws/src/robotics_software_engineer/build/module_8_assignment': CMAKE_PREFIX_PATH=/opt/ros/foxy /usr/bin/cmake --install /home/her0/assignment_ws/src/robotics_software_engineer/build/module_8_assignment
[1.070s] DEBUG:colcon.colcon_core.event_handler.log_command:Invoked command in '/home/her0/assignment_ws/src/robotics_software_engineer/build/module_3_assignment' returned '0': CMAKE_PREFIX_PATH=/opt/ros/foxy /usr/bin/cmake --build /home/her0/assignment_ws/src/robotics_software_engineer/build/module_3_assignment -- -j12 -l12
[1.073s] DEBUG:colcon.colcon_core.event_handler.log_command:Invoking command in '/home/her0/assignment_ws/src/robotics_software_engineer/build/module_3_assignment': CMAKE_PREFIX_PATH=/opt/ros/foxy /usr/bin/cmake --install /home/her0/assignment_ws/src/robotics_software_engineer/build/module_3_assignment
[1.079s] Level 1:colcon.colcon_core.environment:create_environment_scripts_only(module_5_assignment)
[1.080s] Level 1:colcon.colcon_core.environment:checking '/home/her0/assignment_ws/src/robotics_software_engineer/install/module_5_assignment' for CMake module files
[1.082s] DEBUG:colcon.colcon_core.event_handler.log_command:Invoked command in '/home/her0/assignment_ws/src/robotics_software_engineer/build/module_5_assignment' returned '0': CMAKE_PREFIX_PATH=/opt/ros/foxy /usr/bin/cmake --install /home/her0/assignment_ws/src/robotics_software_engineer/build/module_5_assignment
[1.082s] Level 1:colcon.colcon_core.environment:checking '/home/her0/assignment_ws/src/robotics_software_engineer/install/module_5_assignment' for CMake config files
[1.082s] Level 1:colcon.colcon_core.shell:create_environment_hook('module_5_assignment', 'cmake_prefix_path')
[1.082s] INFO:colcon.colcon_core.shell:Creating environment hook '/home/her0/assignment_ws/src/robotics_software_engineer/install/module_5_assignment/share/module_5_assignment/hook/cmake_prefix_path.ps1'
[1.083s] INFO:colcon.colcon_core.shell:Creating environment descriptor '/home/her0/assignment_ws/src/robotics_software_engineer/install/module_5_assignment/share/module_5_assignment/hook/cmake_prefix_path.dsv'
[1.084s] INFO:colcon.colcon_core.shell:Creating environment hook '/home/her0/assignment_ws/src/robotics_software_engineer/install/module_5_assignment/share/module_5_assignment/hook/cmake_prefix_path.sh'
[1.086s] Level 1:colcon.colcon_core.environment:checking '/home/her0/assignment_ws/src/robotics_software_engineer/install/module_5_assignment/bin'
[1.086s] Level 1:colcon.colcon_core.environment:checking '/home/her0/assignment_ws/src/robotics_software_engineer/install/module_5_assignment/lib/pkgconfig/module_5_assignment.pc'
[1.087s] Level 1:colcon.colcon_core.environment:checking '/home/her0/assignment_ws/src/robotics_software_engineer/install/module_5_assignment/lib/python3.8/site-packages'
[1.087s] Level 1:colcon.colcon_core.environment:checking '/home/her0/assignment_ws/src/robotics_software_engineer/install/module_5_assignment/bin'
[1.087s] INFO:colcon.colcon_core.shell:Creating package script '/home/her0/assignment_ws/src/robotics_software_engineer/install/module_5_assignment/share/module_5_assignment/package.ps1'
[1.088s] INFO:colcon.colcon_core.shell:Creating package descriptor '/home/her0/assignment_ws/src/robotics_software_engineer/install/module_5_assignment/share/module_5_assignment/package.dsv'
[1.089s] INFO:colcon.colcon_core.shell:Creating package script '/home/her0/assignment_ws/src/robotics_software_engineer/install/module_5_assignment/share/module_5_assignment/package.sh'
[1.089s] INFO:colcon.colcon_core.shell:Creating package script '/home/her0/assignment_ws/src/robotics_software_engineer/install/module_5_assignment/share/module_5_assignment/package.bash'
[1.089s] INFO:colcon.colcon_core.shell:Creating package script '/home/her0/assignment_ws/src/robotics_software_engineer/install/module_5_assignment/share/module_5_assignment/package.zsh'
[1.090s] Level 1:colcon.colcon_core.environment:create_file_with_runtime_dependencies(/home/her0/assignment_ws/src/robotics_software_engineer/install/module_5_assignment/share/colcon-core/packages/module_5_assignment)
[1.091s] Level 1:colcon.colcon_core.environment:create_environment_scripts_only(module_5_assignment)
[1.091s] Level 1:colcon.colcon_core.environment:checking '/home/her0/assignment_ws/src/robotics_software_engineer/install/module_5_assignment' for CMake module files
[1.091s] Level 1:colcon.colcon_core.environment:checking '/home/her0/assignment_ws/src/robotics_software_engineer/install/module_5_assignment' for CMake config files
[1.092s] Level 1:colcon.colcon_core.shell:create_environment_hook('module_5_assignment', 'cmake_prefix_path')
[1.092s] INFO:colcon.colcon_core.shell:Creating environment hook '/home/her0/assignment_ws/src/robotics_software_engineer/install/module_5_assignment/share/module_5_assignment/hook/cmake_prefix_path.ps1'
[1.093s] INFO:colcon.colcon_core.shell:Creating environment descriptor '/home/her0/assignment_ws/src/robotics_software_engineer/install/module_5_assignment/share/module_5_assignment/hook/cmake_prefix_path.dsv'
[1.093s] INFO:colcon.colcon_core.shell:Creating environment hook '/home/her0/assignment_ws/src/robotics_software_engineer/install/module_5_assignment/share/module_5_assignment/hook/cmake_prefix_path.sh'
[1.094s] Level 1:colcon.colcon_core.environment:checking '/home/her0/assignment_ws/src/robotics_software_engineer/install/module_5_assignment/bin'
[1.094s] Level 1:colcon.colcon_core.environment:checking '/home/her0/assignment_ws/src/robotics_software_engineer/install/module_5_assignment/lib/pkgconfig/module_5_assignment.pc'
[1.094s] Level 1:colcon.colcon_core.environment:checking '/home/her0/assignment_ws/src/robotics_software_engineer/install/module_5_assignment/lib/python3.8/site-packages'
[1.094s] Level 1:colcon.colcon_core.environment:checking '/home/her0/assignment_ws/src/robotics_software_engineer/install/module_5_assignment/bin'
[1.094s] INFO:colcon.colcon_core.shell:Creating package script '/home/her0/assignment_ws/src/robotics_software_engineer/install/module_5_assignment/share/module_5_assignment/package.ps1'
[1.095s] INFO:colcon.colcon_core.shell:Creating package descriptor '/home/her0/assignment_ws/src/robotics_software_engineer/install/module_5_assignment/share/module_5_assignment/package.dsv'
[1.095s] INFO:colcon.colcon_core.shell:Creating package script '/home/her0/assignment_ws/src/robotics_software_engineer/install/module_5_assignment/share/module_5_assignment/package.sh'
[1.095s] INFO:colcon.colcon_core.shell:Creating package script '/home/her0/assignment_ws/src/robotics_software_engineer/install/module_5_assignment/share/module_5_assignment/package.bash'
[1.096s] INFO:colcon.colcon_core.shell:Creating package script '/home/her0/assignment_ws/src/robotics_software_engineer/install/module_5_assignment/share/module_5_assignment/package.zsh'
[1.096s] Level 1:colcon.colcon_core.environment:create_file_with_runtime_dependencies(/home/her0/assignment_ws/src/robotics_software_engineer/install/module_5_assignment/share/colcon-core/packages/module_5_assignment)
[1.097s] Level 1:colcon.colcon_core.environment:create_environment_scripts_only(module_8_assignment)
[1.097s] Level 1:colcon.colcon_core.environment:checking '/home/her0/assignment_ws/src/robotics_software_engineer/install/module_8_assignment' for CMake module files
[1.097s] Level 1:colcon.colcon_core.environment:checking '/home/her0/assignment_ws/src/robotics_software_engineer/install/module_8_assignment' for CMake config files
[1.098s] DEBUG:colcon.colcon_core.event_handler.log_command:Invoked command in '/home/her0/assignment_ws/src/robotics_software_engineer/build/module_8_assignment' returned '0': CMAKE_PREFIX_PATH=/opt/ros/foxy /usr/bin/cmake --install /home/her0/assignment_ws/src/robotics_software_engineer/build/module_8_assignment
[1.098s] Level 1:colcon.colcon_core.shell:create_environment_hook('module_8_assignment', 'cmake_prefix_path')
[1.099s] INFO:colcon.colcon_core.shell:Creating environment hook '/home/her0/assignment_ws/src/robotics_software_engineer/install/module_8_assignment/share/module_8_assignment/hook/cmake_prefix_path.ps1'
[1.099s] INFO:colcon.colcon_core.shell:Creating environment descriptor '/home/her0/assignment_ws/src/robotics_software_engineer/install/module_8_assignment/share/module_8_assignment/hook/cmake_prefix_path.dsv'
[1.100s] INFO:colcon.colcon_core.shell:Creating environment hook '/home/her0/assignment_ws/src/robotics_software_engineer/install/module_8_assignment/share/module_8_assignment/hook/cmake_prefix_path.sh'
[1.100s] Level 1:colcon.colcon_core.environment:checking '/home/her0/assignment_ws/src/robotics_software_engineer/install/module_8_assignment/bin'
[1.100s] Level 1:colcon.colcon_core.environment:checking '/home/her0/assignment_ws/src/robotics_software_engineer/install/module_8_assignment/lib/pkgconfig/module_8_assignment.pc'
[1.101s] Level 1:colcon.colcon_core.environment:checking '/home/her0/assignment_ws/src/robotics_software_engineer/install/module_8_assignment/lib/python3.8/site-packages'
[1.101s] Level 1:colcon.colcon_core.environment:checking '/home/her0/assignment_ws/src/robotics_software_engineer/install/module_8_assignment/bin'
[1.101s] INFO:colcon.colcon_core.shell:Creating package script '/home/her0/assignment_ws/src/robotics_software_engineer/install/module_8_assignment/share/module_8_assignment/package.ps1'
[1.101s] INFO:colcon.colcon_core.shell:Creating package descriptor '/home/her0/assignment_ws/src/robotics_software_engineer/install/module_8_assignment/share/module_8_assignment/package.dsv'
[1.102s] INFO:colcon.colcon_core.shell:Creating package script '/home/her0/assignment_ws/src/robotics_software_engineer/install/module_8_assignment/share/module_8_assignment/package.sh'
[1.102s] INFO:colcon.colcon_core.shell:Creating package script '/home/her0/assignment_ws/src/robotics_software_engineer/install/module_8_assignment/share/module_8_assignment/package.bash'
[1.103s] INFO:colcon.colcon_core.shell:Creating package script '/home/her0/assignment_ws/src/robotics_software_engineer/install/module_8_assignment/share/module_8_assignment/package.zsh'
[1.103s] Level 1:colcon.colcon_core.environment:create_file_with_runtime_dependencies(/home/her0/assignment_ws/src/robotics_software_engineer/install/module_8_assignment/share/colcon-core/packages/module_8_assignment)
[1.103s] Level 1:colcon.colcon_core.environment:create_environment_scripts_only(module_8_assignment)
[1.104s] Level 1:colcon.colcon_core.environment:checking '/home/her0/assignment_ws/src/robotics_software_engineer/install/module_8_assignment' for CMake module files
[1.104s] Level 1:colcon.colcon_core.environment:checking '/home/her0/assignment_ws/src/robotics_software_engineer/install/module_8_assignment' for CMake config files
[1.104s] Level 1:colcon.colcon_core.shell:create_environment_hook('module_8_assignment', 'cmake_prefix_path')
[1.104s] INFO:colcon.colcon_core.shell:Creating environment hook '/home/her0/assignment_ws/src/robotics_software_engineer/install/module_8_assignment/share/module_8_assignment/hook/cmake_prefix_path.ps1'
[1.104s] INFO:colcon.colcon_core.shell:Creating environment descriptor '/home/her0/assignment_ws/src/robotics_software_engineer/install/module_8_assignment/share/module_8_assignment/hook/cmake_prefix_path.dsv'
[1.105s] INFO:colcon.colcon_core.shell:Creating environment hook '/home/her0/assignment_ws/src/robotics_software_engineer/install/module_8_assignment/share/module_8_assignment/hook/cmake_prefix_path.sh'
[1.105s] Level 1:colcon.colcon_core.environment:checking '/home/her0/assignment_ws/src/robotics_software_engineer/install/module_8_assignment/bin'
[1.105s] Level 1:colcon.colcon_core.environment:checking '/home/her0/assignment_ws/src/robotics_software_engineer/install/module_8_assignment/lib/pkgconfig/module_8_assignment.pc'
[1.105s] Level 1:colcon.colcon_core.environment:checking '/home/her0/assignment_ws/src/robotics_software_engineer/install/module_8_assignment/lib/python3.8/site-packages'
[1.105s] Level 1:colcon.colcon_core.environment:checking '/home/her0/assignment_ws/src/robotics_software_engineer/install/module_8_assignment/bin'
[1.106s] INFO:colcon.colcon_core.shell:Creating package script '/home/her0/assignment_ws/src/robotics_software_engineer/install/module_8_assignment/share/module_8_assignment/package.ps1'
[1.106s] INFO:colcon.colcon_core.shell:Creating package descriptor '/home/her0/assignment_ws/src/robotics_software_engineer/install/module_8_assignment/share/module_8_assignment/package.dsv'
[1.106s] INFO:colcon.colcon_core.shell:Creating package script '/home/her0/assignment_ws/src/robotics_software_engineer/install/module_8_assignment/share/module_8_assignment/package.sh'
[1.107s] INFO:colcon.colcon_core.shell:Creating package script '/home/her0/assignment_ws/src/robotics_software_engineer/install/module_8_assignment/share/module_8_assignment/package.bash'
[1.107s] INFO:colcon.colcon_core.shell:Creating package script '/home/her0/assignment_ws/src/robotics_software_engineer/install/module_8_assignment/share/module_8_assignment/package.zsh'
[1.107s] Level 1:colcon.colcon_core.environment:create_file_with_runtime_dependencies(/home/her0/assignment_ws/src/robotics_software_engineer/install/module_8_assignment/share/colcon-core/packages/module_8_assignment)
[1.109s] DEBUG:colcon.colcon_core.event_handler.log_command:Invoked command in '/home/her0/assignment_ws/src/robotics_software_engineer/build/module_6_assignment' returned '0': CMAKE_PREFIX_PATH=/opt/ros/foxy /usr/bin/cmake --build /home/her0/assignment_ws/src/robotics_software_engineer/build/module_6_assignment -- -j12 -l12
[1.110s] DEBUG:colcon.colcon_core.event_handler.log_command:Invoking command in '/home/her0/assignment_ws/src/robotics_software_engineer/build/module_6_assignment': CMAKE_PREFIX_PATH=/opt/ros/foxy /usr/bin/cmake --install /home/her0/assignment_ws/src/robotics_software_engineer/build/module_6_assignment
[1.111s] Level 1:colcon.colcon_core.environment:create_environment_scripts_only(module_3_assignment)
[1.112s] Level 1:colcon.colcon_core.environment:checking '/home/her0/assignment_ws/src/robotics_software_engineer/install/module_3_assignment' for CMake module files
[1.112s] DEBUG:colcon.colcon_core.event_handler.log_command:Invoked command in '/home/her0/assignment_ws/src/robotics_software_engineer/build/module_3_assignment' returned '0': CMAKE_PREFIX_PATH=/opt/ros/foxy /usr/bin/cmake --install /home/her0/assignment_ws/src/robotics_software_engineer/build/module_3_assignment
[1.112s] Level 1:colcon.colcon_core.environment:checking '/home/her0/assignment_ws/src/robotics_software_engineer/install/module_3_assignment' for CMake config files
[1.113s] Level 1:colcon.colcon_core.shell:create_environment_hook('module_3_assignment', 'cmake_prefix_path')
[1.113s] INFO:colcon.colcon_core.shell:Creating environment hook '/home/her0/assignment_ws/src/robotics_software_engineer/install/module_3_assignment/share/module_3_assignment/hook/cmake_prefix_path.ps1'
[1.114s] INFO:colcon.colcon_core.shell:Creating environment descriptor '/home/her0/assignment_ws/src/robotics_software_engineer/install/module_3_assignment/share/module_3_assignment/hook/cmake_prefix_path.dsv'
[1.114s] INFO:colcon.colcon_core.shell:Creating environment hook '/home/her0/assignment_ws/src/robotics_software_engineer/install/module_3_assignment/share/module_3_assignment/hook/cmake_prefix_path.sh'
[1.115s] Level 1:colcon.colcon_core.environment:checking '/home/her0/assignment_ws/src/robotics_software_engineer/install/module_3_assignment/bin'
[1.115s] Level 1:colcon.colcon_core.environment:checking '/home/her0/assignment_ws/src/robotics_software_engineer/install/module_3_assignment/lib/pkgconfig/module_3_assignment.pc'
[1.115s] Level 1:colcon.colcon_core.environment:checking '/home/her0/assignment_ws/src/robotics_software_engineer/install/module_3_assignment/lib/python3.8/site-packages'
[1.115s] Level 1:colcon.colcon_core.environment:checking '/home/her0/assignment_ws/src/robotics_software_engineer/install/module_3_assignment/bin'
[1.115s] INFO:colcon.colcon_core.shell:Creating package script '/home/her0/assignment_ws/src/robotics_software_engineer/install/module_3_assignment/share/module_3_assignment/package.ps1'
[1.116s] INFO:colcon.colcon_core.shell:Creating package descriptor '/home/her0/assignment_ws/src/robotics_software_engineer/install/module_3_assignment/share/module_3_assignment/package.dsv'
[1.116s] INFO:colcon.colcon_core.shell:Creating package script '/home/her0/assignment_ws/src/robotics_software_engineer/install/module_3_assignment/share/module_3_assignment/package.sh'
[1.117s] INFO:colcon.colcon_core.shell:Creating package script '/home/her0/assignment_ws/src/robotics_software_engineer/install/module_3_assignment/share/module_3_assignment/package.bash'
[1.118s] INFO:colcon.colcon_core.shell:Creating package script '/home/her0/assignment_ws/src/robotics_software_engineer/install/module_3_assignment/share/module_3_assignment/package.zsh'
[1.118s] Level 1:colcon.colcon_core.environment:create_file_with_runtime_dependencies(/home/her0/assignment_ws/src/robotics_software_engineer/install/module_3_assignment/share/colcon-core/packages/module_3_assignment)
[1.119s] Level 1:colcon.colcon_core.environment:create_environment_scripts_only(module_3_assignment)
[1.119s] Level 1:colcon.colcon_core.environment:checking '/home/her0/assignment_ws/src/robotics_software_engineer/install/module_3_assignment' for CMake module files
[1.120s] Level 1:colcon.colcon_core.environment:checking '/home/her0/assignment_ws/src/robotics_software_engineer/install/module_3_assignment' for CMake config files
[1.120s] Level 1:colcon.colcon_core.shell:create_environment_hook('module_3_assignment', 'cmake_prefix_path')
[1.120s] INFO:colcon.colcon_core.shell:Creating environment hook '/home/her0/assignment_ws/src/robotics_software_engineer/install/module_3_assignment/share/module_3_assignment/hook/cmake_prefix_path.ps1'
[1.121s] INFO:colcon.colcon_core.shell:Creating environment descriptor '/home/her0/assignment_ws/src/robotics_software_engineer/install/module_3_assignment/share/module_3_assignment/hook/cmake_prefix_path.dsv'
[1.121s] INFO:colcon.colcon_core.shell:Creating environment hook '/home/her0/assignment_ws/src/robotics_software_engineer/install/module_3_assignment/share/module_3_assignment/hook/cmake_prefix_path.sh'
[1.121s] Level 1:colcon.colcon_core.environment:checking '/home/her0/assignment_ws/src/robotics_software_engineer/install/module_3_assignment/bin'
[1.121s] Level 1:colcon.colcon_core.environment:checking '/home/her0/assignment_ws/src/robotics_software_engineer/install/module_3_assignment/lib/pkgconfig/module_3_assignment.pc'
[1.121s] Level 1:colcon.colcon_core.environment:checking '/home/her0/assignment_ws/src/robotics_software_engineer/install/module_3_assignment/lib/python3.8/site-packages'
[1.122s] Level 1:colcon.colcon_core.environment:checking '/home/her0/assignment_ws/src/robotics_software_engineer/install/module_3_assignment/bin'
[1.122s] INFO:colcon.colcon_core.shell:Creating package script '/home/her0/assignment_ws/src/robotics_software_engineer/install/module_3_assignment/share/module_3_assignment/package.ps1'
[1.122s] INFO:colcon.colcon_core.shell:Creating package descriptor '/home/her0/assignment_ws/src/robotics_software_engineer/install/module_3_assignment/share/module_3_assignment/package.dsv'
[1.122s] INFO:colcon.colcon_core.shell:Creating package script '/home/her0/assignment_ws/src/robotics_software_engineer/install/module_3_assignment/share/module_3_assignment/package.sh'
[1.123s] INFO:colcon.colcon_core.shell:Creating package script '/home/her0/assignment_ws/src/robotics_software_engineer/install/module_3_assignment/share/module_3_assignment/package.bash'
[1.123s] INFO:colcon.colcon_core.shell:Creating package script '/home/her0/assignment_ws/src/robotics_software_engineer/install/module_3_assignment/share/module_3_assignment/package.zsh'
[1.123s] Level 1:colcon.colcon_core.environment:create_file_with_runtime_dependencies(/home/her0/assignment_ws/src/robotics_software_engineer/install/module_3_assignment/share/colcon-core/packages/module_3_assignment)
[1.124s] Level 1:colcon.colcon_core.environment:create_environment_scripts_only(module_6_assignment)
[1.124s] Level 1:colcon.colcon_core.environment:checking '/home/her0/assignment_ws/src/robotics_software_engineer/install/module_6_assignment' for CMake module files
[1.125s] Level 1:colcon.colcon_core.environment:checking '/home/her0/assignment_ws/src/robotics_software_engineer/install/module_6_assignment' for CMake config files
[1.126s] Level 1:colcon.colcon_core.shell:create_environment_hook('module_6_assignment', 'cmake_prefix_path')
[1.126s] INFO:colcon.colcon_core.shell:Creating environment hook '/home/her0/assignment_ws/src/robotics_software_engineer/install/module_6_assignment/share/module_6_assignment/hook/cmake_prefix_path.ps1'
[1.127s] DEBUG:colcon.colcon_core.event_handler.log_command:Invoked command in '/home/her0/assignment_ws/src/robotics_software_engineer/build/module_6_assignment' returned '0': CMAKE_PREFIX_PATH=/opt/ros/foxy /usr/bin/cmake --install /home/her0/assignment_ws/src/robotics_software_engineer/build/module_6_assignment
[1.127s] INFO:colcon.colcon_core.shell:Creating environment descriptor '/home/her0/assignment_ws/src/robotics_software_engineer/install/module_6_assignment/share/module_6_assignment/hook/cmake_prefix_path.dsv'
[1.128s] INFO:colcon.colcon_core.shell:Creating environment hook '/home/her0/assignment_ws/src/robotics_software_engineer/install/module_6_assignment/share/module_6_assignment/hook/cmake_prefix_path.sh'
[1.128s] Level 1:colcon.colcon_core.environment:checking '/home/her0/assignment_ws/src/robotics_software_engineer/install/module_6_assignment/bin'
[1.128s] Level 1:colcon.colcon_core.environment:checking '/home/her0/assignment_ws/src/robotics_software_engineer/install/module_6_assignment/lib/pkgconfig/module_6_assignment.pc'
[1.129s] Level 1:colcon.colcon_core.environment:checking '/home/her0/assignment_ws/src/robotics_software_engineer/install/module_6_assignment/lib/python3.8/site-packages'
[1.129s] Level 1:colcon.colcon_core.environment:checking '/home/her0/assignment_ws/src/robotics_software_engineer/install/module_6_assignment/bin'
[1.129s] INFO:colcon.colcon_core.shell:Creating package script '/home/her0/assignment_ws/src/robotics_software_engineer/install/module_6_assignment/share/module_6_assignment/package.ps1'
[1.130s] INFO:colcon.colcon_core.shell:Creating package descriptor '/home/her0/assignment_ws/src/robotics_software_engineer/install/module_6_assignment/share/module_6_assignment/package.dsv'
[1.130s] INFO:colcon.colcon_core.shell:Creating package script '/home/her0/assignment_ws/src/robotics_software_engineer/install/module_6_assignment/share/module_6_assignment/package.sh'
[1.130s] INFO:colcon.colcon_core.shell:Creating package script '/home/her0/assignment_ws/src/robotics_software_engineer/install/module_6_assignment/share/module_6_assignment/package.bash'
[1.131s] INFO:colcon.colcon_core.shell:Creating package script '/home/her0/assignment_ws/src/robotics_software_engineer/install/module_6_assignment/share/module_6_assignment/package.zsh'
[1.131s] Level 1:colcon.colcon_core.environment:create_file_with_runtime_dependencies(/home/her0/assignment_ws/src/robotics_software_engineer/install/module_6_assignment/share/colcon-core/packages/module_6_assignment)
[1.132s] Level 1:colcon.colcon_core.environment:create_environment_scripts_only(module_6_assignment)
[1.132s] Level 1:colcon.colcon_core.environment:checking '/home/her0/assignment_ws/src/robotics_software_engineer/install/module_6_assignment' for CMake module files
[1.132s] Level 1:colcon.colcon_core.environment:checking '/home/her0/assignment_ws/src/robotics_software_engineer/install/module_6_assignment' for CMake config files
[1.133s] Level 1:colcon.colcon_core.shell:create_environment_hook('module_6_assignment', 'cmake_prefix_path')
[1.133s] INFO:colcon.colcon_core.shell:Creating environment hook '/home/her0/assignment_ws/src/robotics_software_engineer/install/module_6_assignment/share/module_6_assignment/hook/cmake_prefix_path.ps1'
[1.133s] INFO:colcon.colcon_core.shell:Creating environment descriptor '/home/her0/assignment_ws/src/robotics_software_engineer/install/module_6_assignment/share/module_6_assignment/hook/cmake_prefix_path.dsv'
[1.134s] INFO:colcon.colcon_core.shell:Creating environment hook '/home/her0/assignment_ws/src/robotics_software_engineer/install/module_6_assignment/share/module_6_assignment/hook/cmake_prefix_path.sh'
[1.134s] Level 1:colcon.colcon_core.environment:checking '/home/her0/assignment_ws/src/robotics_software_engineer/install/module_6_assignment/bin'
[1.134s] Level 1:colcon.colcon_core.environment:checking '/home/her0/assignment_ws/src/robotics_software_engineer/install/module_6_assignment/lib/pkgconfig/module_6_assignment.pc'
[1.134s] Level 1:colcon.colcon_core.environment:checking '/home/her0/assignment_ws/src/robotics_software_engineer/install/module_6_assignment/lib/python3.8/site-packages'
[1.134s] Level 1:colcon.colcon_core.environment:checking '/home/her0/assignment_ws/src/robotics_software_engineer/install/module_6_assignment/bin'
[1.135s] INFO:colcon.colcon_core.shell:Creating package script '/home/her0/assignment_ws/src/robotics_software_engineer/install/module_6_assignment/share/module_6_assignment/package.ps1'
[1.135s] INFO:colcon.colcon_core.shell:Creating package descriptor '/home/her0/assignment_ws/src/robotics_software_engineer/install/module_6_assignment/share/module_6_assignment/package.dsv'
[1.135s] INFO:colcon.colcon_core.shell:Creating package script '/home/her0/assignment_ws/src/robotics_software_engineer/install/module_6_assignment/share/module_6_assignment/package.sh'
[1.136s] INFO:colcon.colcon_core.shell:Creating package script '/home/her0/assignment_ws/src/robotics_software_engineer/install/module_6_assignment/share/module_6_assignment/package.bash'
[1.136s] INFO:colcon.colcon_core.shell:Creating package script '/home/her0/assignment_ws/src/robotics_software_engineer/install/module_6_assignment/share/module_6_assignment/package.zsh'
[1.137s] Level 1:colcon.colcon_core.environment:create_file_with_runtime_dependencies(/home/her0/assignment_ws/src/robotics_software_engineer/install/module_6_assignment/share/colcon-core/packages/module_6_assignment)
[1.264s] DEBUG:colcon.colcon_core.event_handler.log_command:Invoked command in '/home/her0/assignment_ws/src/robotics_software_engineer/build/module_1_assignment' returned '0': CMAKE_PREFIX_PATH=/opt/ros/foxy /usr/bin/cmake --build /home/her0/assignment_ws/src/robotics_software_engineer/build/module_1_assignment -- -j12 -l12
[1.266s] DEBUG:colcon.colcon_core.event_handler.log_command:Invoking command in '/home/her0/assignment_ws/src/robotics_software_engineer/build/module_1_assignment': CMAKE_PREFIX_PATH=/opt/ros/foxy /usr/bin/cmake --install /home/her0/assignment_ws/src/robotics_software_engineer/build/module_1_assignment
[1.273s] Level 1:colcon.colcon_core.environment:create_environment_scripts_only(module_1_assignment)
[1.274s] Level 1:colcon.colcon_core.environment:checking '/home/her0/assignment_ws/src/robotics_software_engineer/install/module_1_assignment' for CMake module files
[1.274s] DEBUG:colcon.colcon_core.event_handler.log_command:Invoked command in '/home/her0/assignment_ws/src/robotics_software_engineer/build/module_1_assignment' returned '0': CMAKE_PREFIX_PATH=/opt/ros/foxy /usr/bin/cmake --install /home/her0/assignment_ws/src/robotics_software_engineer/build/module_1_assignment
[1.274s] Level 1:colcon.colcon_core.environment:checking '/home/her0/assignment_ws/src/robotics_software_engineer/install/module_1_assignment' for CMake config files
[1.274s] Level 1:colcon.colcon_core.shell:create_environment_hook('module_1_assignment', 'cmake_prefix_path')
[1.274s] INFO:colcon.colcon_core.shell:Creating environment hook '/home/her0/assignment_ws/src/robotics_software_engineer/install/module_1_assignment/share/module_1_assignment/hook/cmake_prefix_path.ps1'
[1.275s] INFO:colcon.colcon_core.shell:Creating environment descriptor '/home/her0/assignment_ws/src/robotics_software_engineer/install/module_1_assignment/share/module_1_assignment/hook/cmake_prefix_path.dsv'
[1.275s] INFO:colcon.colcon_core.shell:Creating environment hook '/home/her0/assignment_ws/src/robotics_software_engineer/install/module_1_assignment/share/module_1_assignment/hook/cmake_prefix_path.sh'
[1.275s] Level 1:colcon.colcon_core.environment:checking '/home/her0/assignment_ws/src/robotics_software_engineer/install/module_1_assignment/lib'
[1.276s] Level 1:colcon.colcon_core.environment:checking '/home/her0/assignment_ws/src/robotics_software_engineer/install/module_1_assignment/bin'
[1.276s] Level 1:colcon.colcon_core.environment:checking '/home/her0/assignment_ws/src/robotics_software_engineer/install/module_1_assignment/lib/pkgconfig/module_1_assignment.pc'
[1.276s] Level 1:colcon.colcon_core.environment:checking '/home/her0/assignment_ws/src/robotics_software_engineer/install/module_1_assignment/lib/python3.8/site-packages'
[1.276s] Level 1:colcon.colcon_core.environment:checking '/home/her0/assignment_ws/src/robotics_software_engineer/install/module_1_assignment/bin'
[1.276s] INFO:colcon.colcon_core.shell:Creating package script '/home/her0/assignment_ws/src/robotics_software_engineer/install/module_1_assignment/share/module_1_assignment/package.ps1'
[1.276s] INFO:colcon.colcon_core.shell:Creating package descriptor '/home/her0/assignment_ws/src/robotics_software_engineer/install/module_1_assignment/share/module_1_assignment/package.dsv'
[1.277s] INFO:colcon.colcon_core.shell:Creating package script '/home/her0/assignment_ws/src/robotics_software_engineer/install/module_1_assignment/share/module_1_assignment/package.sh'
[1.277s] INFO:colcon.colcon_core.shell:Creating package script '/home/her0/assignment_ws/src/robotics_software_engineer/install/module_1_assignment/share/module_1_assignment/package.bash'
[1.277s] INFO:colcon.colcon_core.shell:Creating package script '/home/her0/assignment_ws/src/robotics_software_engineer/install/module_1_assignment/share/module_1_assignment/package.zsh'
[1.277s] Level 1:colcon.colcon_core.environment:create_file_with_runtime_dependencies(/home/her0/assignment_ws/src/robotics_software_engineer/install/module_1_assignment/share/colcon-core/packages/module_1_assignment)
[1.278s] Level 1:colcon.colcon_core.environment:create_environment_scripts_only(module_1_assignment)
[1.278s] Level 1:colcon.colcon_core.environment:checking '/home/her0/assignment_ws/src/robotics_software_engineer/install/module_1_assignment' for CMake module files
[1.278s] Level 1:colcon.colcon_core.environment:checking '/home/her0/assignment_ws/src/robotics_software_engineer/install/module_1_assignment' for CMake config files
[1.279s] Level 1:colcon.colcon_core.shell:create_environment_hook('module_1_assignment', 'cmake_prefix_path')
[1.279s] INFO:colcon.colcon_core.shell:Creating environment hook '/home/her0/assignment_ws/src/robotics_software_engineer/install/module_1_assignment/share/module_1_assignment/hook/cmake_prefix_path.ps1'
[1.279s] INFO:colcon.colcon_core.shell:Creating environment descriptor '/home/her0/assignment_ws/src/robotics_software_engineer/install/module_1_assignment/share/module_1_assignment/hook/cmake_prefix_path.dsv'
[1.279s] INFO:colcon.colcon_core.shell:Creating environment hook '/home/her0/assignment_ws/src/robotics_software_engineer/install/module_1_assignment/share/module_1_assignment/hook/cmake_prefix_path.sh'
[1.279s] Level 1:colcon.colcon_core.environment:checking '/home/her0/assignment_ws/src/robotics_software_engineer/install/module_1_assignment/lib'
[1.280s] Level 1:colcon.colcon_core.environment:checking '/home/her0/assignment_ws/src/robotics_software_engineer/install/module_1_assignment/bin'
[1.280s] Level 1:colcon.colcon_core.environment:checking '/home/her0/assignment_ws/src/robotics_software_engineer/install/module_1_assignment/lib/pkgconfig/module_1_assignment.pc'
[1.280s] Level 1:colcon.colcon_core.environment:checking '/home/her0/assignment_ws/src/robotics_software_engineer/install/module_1_assignment/lib/python3.8/site-packages'
[1.280s] Level 1:colcon.colcon_core.environment:checking '/home/her0/assignment_ws/src/robotics_software_engineer/install/module_1_assignment/bin'
[1.280s] INFO:colcon.colcon_core.shell:Creating package script '/home/her0/assignment_ws/src/robotics_software_engineer/install/module_1_assignment/share/module_1_assignment/package.ps1'
[1.280s] INFO:colcon.colcon_core.shell:Creating package descriptor '/home/her0/assignment_ws/src/robotics_software_engineer/install/module_1_assignment/share/module_1_assignment/package.dsv'
[1.281s] INFO:colcon.colcon_core.shell:Creating package script '/home/her0/assignment_ws/src/robotics_software_engineer/install/module_1_assignment/share/module_1_assignment/package.sh'
[1.281s] INFO:colcon.colcon_core.shell:Creating package script '/home/her0/assignment_ws/src/robotics_software_engineer/install/module_1_assignment/share/module_1_assignment/package.bash'
[1.281s] INFO:colcon.colcon_core.shell:Creating package script '/home/her0/assignment_ws/src/robotics_software_engineer/install/module_1_assignment/share/module_1_assignment/package.zsh'
[1.281s] Level 1:colcon.colcon_core.environment:create_file_with_runtime_dependencies(/home/her0/assignment_ws/src/robotics_software_engineer/install/module_1_assignment/share/colcon-core/packages/module_1_assignment)
[1.607s] DEBUG:colcon.colcon_core.event_handler.log_command:Invoked command in '/home/her0/assignment_ws/src/robotics_software_engineer/build/module_2_assignment' returned '0': CMAKE_PREFIX_PATH=/opt/ros/foxy /usr/bin/cmake /home/her0/assignment_ws/src/robotics_software_engineer/module_2_assignment -DCMAKE_INSTALL_PREFIX=/home/her0/assignment_ws/src/robotics_software_engineer/install/module_2_assignment
[1.608s] DEBUG:colcon.colcon_core.event_handler.log_command:Invoking command in '/home/her0/assignment_ws/src/robotics_software_engineer/build/module_2_assignment': CMAKE_PREFIX_PATH=/opt/ros/foxy /usr/bin/cmake --build /home/her0/assignment_ws/src/robotics_software_engineer/build/module_2_assignment -- -j12 -l12
[1.649s] DEBUG:colcon.colcon_core.event_handler.log_command:Invoked command in '/home/her0/assignment_ws/src/robotics_software_engineer/build/robot_sensing_debug' returned '0': CMAKE_PREFIX_PATH=/opt/ros/foxy /usr/bin/cmake /home/her0/assignment_ws/src/robotics_software_engineer/module_4_assessment/robot_sensing_debug -DCMAKE_INSTALL_PREFIX=/home/her0/assignment_ws/src/robotics_software_engineer/install/robot_sensing_debug
[1.651s] DEBUG:colcon.colcon_core.event_handler.log_command:Invoking command in '/home/her0/assignment_ws/src/robotics_software_engineer/build/robot_sensing_debug': CMAKE_PREFIX_PATH=/opt/ros/foxy /usr/bin/cmake --build /home/her0/assignment_ws/src/robotics_software_engineer/build/robot_sensing_debug -- -j12 -l12
[5.652s] DEBUG:colcon.colcon_core.event_handler.log_command:Invoked command in '/home/her0/assignment_ws/src/robotics_software_engineer/build/module_2_assignment' returned '0': CMAKE_PREFIX_PATH=/opt/ros/foxy /usr/bin/cmake --build /home/her0/assignment_ws/src/robotics_software_engineer/build/module_2_assignment -- -j12 -l12
[5.653s] DEBUG:colcon.colcon_core.event_handler.log_command:Invoking command in '/home/her0/assignment_ws/src/robotics_software_engineer/build/module_2_assignment': CMAKE_PREFIX_PATH=/opt/ros/foxy /usr/bin/cmake --install /home/her0/assignment_ws/src/robotics_software_engineer/build/module_2_assignment
[5.664s] Level 1:colcon.colcon_core.environment:create_environment_scripts_only(module_2_assignment)
[5.664s] Level 1:colcon.colcon_core.environment:checking '/home/her0/assignment_ws/src/robotics_software_engineer/install/module_2_assignment' for CMake module files
[5.664s] DEBUG:colcon.colcon_core.event_handler.log_command:Invoked command in '/home/her0/assignment_ws/src/robotics_software_engineer/build/module_2_assignment' returned '0': CMAKE_PREFIX_PATH=/opt/ros/foxy /usr/bin/cmake --install /home/her0/assignment_ws/src/robotics_software_engineer/build/module_2_assignment
[5.665s] Level 1:colcon.colcon_core.environment:checking '/home/her0/assignment_ws/src/robotics_software_engineer/install/module_2_assignment' for CMake config files
[5.665s] Level 1:colcon.colcon_core.shell:create_environment_hook('module_2_assignment', 'cmake_prefix_path')
[5.666s] INFO:colcon.colcon_core.shell:Creating environment hook '/home/her0/assignment_ws/src/robotics_software_engineer/install/module_2_assignment/share/module_2_assignment/hook/cmake_prefix_path.ps1'
[5.666s] INFO:colcon.colcon_core.shell:Creating environment descriptor '/home/her0/assignment_ws/src/robotics_software_engineer/install/module_2_assignment/share/module_2_assignment/hook/cmake_prefix_path.dsv'
[5.667s] INFO:colcon.colcon_core.shell:Creating environment hook '/home/her0/assignment_ws/src/robotics_software_engineer/install/module_2_assignment/share/module_2_assignment/hook/cmake_prefix_path.sh'
[5.667s] Level 1:colcon.colcon_core.environment:checking '/home/her0/assignment_ws/src/robotics_software_engineer/install/module_2_assignment/lib'
[5.667s] Level 1:colcon.colcon_core.environment:checking '/home/her0/assignment_ws/src/robotics_software_engineer/install/module_2_assignment/bin'
[5.667s] Level 1:colcon.colcon_core.environment:checking '/home/her0/assignment_ws/src/robotics_software_engineer/install/module_2_assignment/lib/pkgconfig/module_2_assignment.pc'
[5.667s] Level 1:colcon.colcon_core.environment:checking '/home/her0/assignment_ws/src/robotics_software_engineer/install/module_2_assignment/lib/python3.8/site-packages'
[5.668s] Level 1:colcon.colcon_core.environment:checking '/home/her0/assignment_ws/src/robotics_software_engineer/install/module_2_assignment/bin'
[5.668s] INFO:colcon.colcon_core.shell:Creating package script '/home/her0/assignment_ws/src/robotics_software_engineer/install/module_2_assignment/share/module_2_assignment/package.ps1'
[5.668s] INFO:colcon.colcon_core.shell:Creating package descriptor '/home/her0/assignment_ws/src/robotics_software_engineer/install/module_2_assignment/share/module_2_assignment/package.dsv'
[5.669s] INFO:colcon.colcon_core.shell:Creating package script '/home/her0/assignment_ws/src/robotics_software_engineer/install/module_2_assignment/share/module_2_assignment/package.sh'
[5.669s] INFO:colcon.colcon_core.shell:Creating package script '/home/her0/assignment_ws/src/robotics_software_engineer/install/module_2_assignment/share/module_2_assignment/package.bash'
[5.669s] INFO:colcon.colcon_core.shell:Creating package script '/home/her0/assignment_ws/src/robotics_software_engineer/install/module_2_assignment/share/module_2_assignment/package.zsh'
[5.669s] Level 1:colcon.colcon_core.environment:create_file_with_runtime_dependencies(/home/her0/assignment_ws/src/robotics_software_engineer/install/module_2_assignment/share/colcon-core/packages/module_2_assignment)
[5.669s] Level 1:colcon.colcon_core.environment:create_environment_scripts_only(module_2_assignment)
[5.670s] Level 1:colcon.colcon_core.environment:checking '/home/her0/assignment_ws/src/robotics_software_engineer/install/module_2_assignment' for CMake module files
[5.670s] Level 1:colcon.colcon_core.environment:checking '/home/her0/assignment_ws/src/robotics_software_engineer/install/module_2_assignment' for CMake config files
[5.670s] Level 1:colcon.colcon_core.shell:create_environment_hook('module_2_assignment', 'cmake_prefix_path')
[5.670s] INFO:colcon.colcon_core.shell:Creating environment hook '/home/her0/assignment_ws/src/robotics_software_engineer/install/module_2_assignment/share/module_2_assignment/hook/cmake_prefix_path.ps1'
[5.670s] INFO:colcon.colcon_core.shell:Creating environment descriptor '/home/her0/assignment_ws/src/robotics_software_engineer/install/module_2_assignment/share/module_2_assignment/hook/cmake_prefix_path.dsv'
[5.671s] INFO:colcon.colcon_core.shell:Creating environment hook '/home/her0/assignment_ws/src/robotics_software_engineer/install/module_2_assignment/share/module_2_assignment/hook/cmake_prefix_path.sh'
[5.671s] Level 1:colcon.colcon_core.environment:checking '/home/her0/assignment_ws/src/robotics_software_engineer/install/module_2_assignment/lib'
[5.671s] Level 1:colcon.colcon_core.environment:checking '/home/her0/assignment_ws/src/robotics_software_engineer/install/module_2_assignment/bin'
[5.671s] Level 1:colcon.colcon_core.environment:checking '/home/her0/assignment_ws/src/robotics_software_engineer/install/module_2_assignment/lib/pkgconfig/module_2_assignment.pc'
[5.671s] Level 1:colcon.colcon_core.environment:checking '/home/her0/assignment_ws/src/robotics_software_engineer/install/module_2_assignment/lib/python3.8/site-packages'
[5.671s] Level 1:colcon.colcon_core.environment:checking '/home/her0/assignment_ws/src/robotics_software_engineer/install/module_2_assignment/bin'
[5.671s] INFO:colcon.colcon_core.shell:Creating package script '/home/her0/assignment_ws/src/robotics_software_engineer/install/module_2_assignment/share/module_2_assignment/package.ps1'
[5.671s] INFO:colcon.colcon_core.shell:Creating package descriptor '/home/her0/assignment_ws/src/robotics_software_engineer/install/module_2_assignment/share/module_2_assignment/package.dsv'
[5.672s] INFO:colcon.colcon_core.shell:Creating package script '/home/her0/assignment_ws/src/robotics_software_engineer/install/module_2_assignment/share/module_2_assignment/package.sh'
[5.672s] INFO:colcon.colcon_core.shell:Creating package script '/home/her0/assignment_ws/src/robotics_software_engineer/install/module_2_assignment/share/module_2_assignment/package.bash'
[5.672s] INFO:colcon.colcon_core.shell:Creating package script '/home/her0/assignment_ws/src/robotics_software_engineer/install/module_2_assignment/share/module_2_assignment/package.zsh'
[5.673s] Level 1:colcon.colcon_core.environment:create_file_with_runtime_dependencies(/home/her0/assignment_ws/src/robotics_software_engineer/install/module_2_assignment/share/colcon-core/packages/module_2_assignment)
[6.698s] DEBUG:colcon.colcon_core.event_handler.log_command:Invoked command in '/home/her0/assignment_ws/src/robotics_software_engineer/build/robot_sensing_debug' returned '0': CMAKE_PREFIX_PATH=/opt/ros/foxy /usr/bin/cmake --build /home/her0/assignment_ws/src/robotics_software_engineer/build/robot_sensing_debug -- -j12 -l12
[6.698s] DEBUG:colcon.colcon_core.event_handler.log_command:Invoking command in '/home/her0/assignment_ws/src/robotics_software_engineer/build/robot_sensing_debug': CMAKE_PREFIX_PATH=/opt/ros/foxy /usr/bin/cmake --install /home/her0/assignment_ws/src/robotics_software_engineer/build/robot_sensing_debug
[6.708s] Level 1:colcon.colcon_core.environment:create_environment_scripts_only(robot_sensing_debug)
[6.708s] Level 1:colcon.colcon_core.environment:checking '/home/her0/assignment_ws/src/robotics_software_engineer/install/robot_sensing_debug' for CMake module files
[6.709s] DEBUG:colcon.colcon_core.event_handler.log_command:Invoked command in '/home/her0/assignment_ws/src/robotics_software_engineer/build/robot_sensing_debug' returned '0': CMAKE_PREFIX_PATH=/opt/ros/foxy /usr/bin/cmake --install /home/her0/assignment_ws/src/robotics_software_engineer/build/robot_sensing_debug
[6.709s] Level 1:colcon.colcon_core.environment:checking '/home/her0/assignment_ws/src/robotics_software_engineer/install/robot_sensing_debug' for CMake config files
[6.709s] Level 1:colcon.colcon_core.shell:create_environment_hook('robot_sensing_debug', 'cmake_prefix_path')
[6.709s] INFO:colcon.colcon_core.shell:Creating environment hook '/home/her0/assignment_ws/src/robotics_software_engineer/install/robot_sensing_debug/share/robot_sensing_debug/hook/cmake_prefix_path.ps1'
[6.710s] INFO:colcon.colcon_core.shell:Creating environment descriptor '/home/her0/assignment_ws/src/robotics_software_engineer/install/robot_sensing_debug/share/robot_sensing_debug/hook/cmake_prefix_path.dsv'
[6.710s] INFO:colcon.colcon_core.shell:Creating environment hook '/home/her0/assignment_ws/src/robotics_software_engineer/install/robot_sensing_debug/share/robot_sensing_debug/hook/cmake_prefix_path.sh'
[6.710s] Level 1:colcon.colcon_core.environment:checking '/home/her0/assignment_ws/src/robotics_software_engineer/install/robot_sensing_debug/lib'
[6.710s] Level 1:colcon.colcon_core.environment:checking '/home/her0/assignment_ws/src/robotics_software_engineer/install/robot_sensing_debug/bin'
[6.710s] Level 1:colcon.colcon_core.environment:checking '/home/her0/assignment_ws/src/robotics_software_engineer/install/robot_sensing_debug/lib/pkgconfig/robot_sensing_debug.pc'
[6.710s] Level 1:colcon.colcon_core.environment:checking '/home/her0/assignment_ws/src/robotics_software_engineer/install/robot_sensing_debug/lib/python3.8/site-packages'
[6.710s] Level 1:colcon.colcon_core.environment:checking '/home/her0/assignment_ws/src/robotics_software_engineer/install/robot_sensing_debug/bin'
[6.711s] INFO:colcon.colcon_core.shell:Creating package script '/home/her0/assignment_ws/src/robotics_software_engineer/install/robot_sensing_debug/share/robot_sensing_debug/package.ps1'
[6.711s] INFO:colcon.colcon_core.shell:Creating package descriptor '/home/her0/assignment_ws/src/robotics_software_engineer/install/robot_sensing_debug/share/robot_sensing_debug/package.dsv'
[6.711s] INFO:colcon.colcon_core.shell:Creating package script '/home/her0/assignment_ws/src/robotics_software_engineer/install/robot_sensing_debug/share/robot_sensing_debug/package.sh'
[6.711s] INFO:colcon.colcon_core.shell:Creating package script '/home/her0/assignment_ws/src/robotics_software_engineer/install/robot_sensing_debug/share/robot_sensing_debug/package.bash'
[6.711s] INFO:colcon.colcon_core.shell:Creating package script '/home/her0/assignment_ws/src/robotics_software_engineer/install/robot_sensing_debug/share/robot_sensing_debug/package.zsh'
[6.712s] Level 1:colcon.colcon_core.environment:create_file_with_runtime_dependencies(/home/her0/assignment_ws/src/robotics_software_engineer/install/robot_sensing_debug/share/colcon-core/packages/robot_sensing_debug)
[6.712s] Level 1:colcon.colcon_core.environment:create_environment_scripts_only(robot_sensing_debug)
[6.712s] Level 1:colcon.colcon_core.environment:checking '/home/her0/assignment_ws/src/robotics_software_engineer/install/robot_sensing_debug' for CMake module files
[6.712s] Level 1:colcon.colcon_core.environment:checking '/home/her0/assignment_ws/src/robotics_software_engineer/install/robot_sensing_debug' for CMake config files
[6.712s] Level 1:colcon.colcon_core.shell:create_environment_hook('robot_sensing_debug', 'cmake_prefix_path')
[6.712s] INFO:colcon.colcon_core.shell:Creating environment hook '/home/her0/assignment_ws/src/robotics_software_engineer/install/robot_sensing_debug/share/robot_sensing_debug/hook/cmake_prefix_path.ps1'
[6.713s] INFO:colcon.colcon_core.shell:Creating environment descriptor '/home/her0/assignment_ws/src/robotics_software_engineer/install/robot_sensing_debug/share/robot_sensing_debug/hook/cmake_prefix_path.dsv'
[6.713s] INFO:colcon.colcon_core.shell:Creating environment hook '/home/her0/assignment_ws/src/robotics_software_engineer/install/robot_sensing_debug/share/robot_sensing_debug/hook/cmake_prefix_path.sh'
[6.713s] Level 1:colcon.colcon_core.environment:checking '/home/her0/assignment_ws/src/robotics_software_engineer/install/robot_sensing_debug/lib'
[6.713s] Level 1:colcon.colcon_core.environment:checking '/home/her0/assignment_ws/src/robotics_software_engineer/install/robot_sensing_debug/bin'
[6.713s] Level 1:colcon.colcon_core.environment:checking '/home/her0/assignment_ws/src/robotics_software_engineer/install/robot_sensing_debug/lib/pkgconfig/robot_sensing_debug.pc'
[6.713s] Level 1:colcon.colcon_core.environment:checking '/home/her0/assignment_ws/src/robotics_software_engineer/install/robot_sensing_debug/lib/python3.8/site-packages'
[6.713s] Level 1:colcon.colcon_core.environment:checking '/home/her0/assignment_ws/src/robotics_software_engineer/install/robot_sensing_debug/bin'
[6.713s] INFO:colcon.colcon_core.shell:Creating package script '/home/her0/assignment_ws/src/robotics_software_engineer/install/robot_sensing_debug/share/robot_sensing_debug/package.ps1'
[6.714s] INFO:colcon.colcon_core.shell:Creating package descriptor '/home/her0/assignment_ws/src/robotics_software_engineer/install/robot_sensing_debug/share/robot_sensing_debug/package.dsv'
[6.714s] INFO:colcon.colcon_core.shell:Creating package script '/home/her0/assignment_ws/src/robotics_software_engineer/install/robot_sensing_debug/share/robot_sensing_debug/package.sh'
[6.714s] INFO:colcon.colcon_core.shell:Creating package script '/home/her0/assignment_ws/src/robotics_software_engineer/install/robot_sensing_debug/share/robot_sensing_debug/package.bash'
[6.714s] INFO:colcon.colcon_core.shell:Creating package script '/home/her0/assignment_ws/src/robotics_software_engineer/install/robot_sensing_debug/share/robot_sensing_debug/package.zsh'
[6.714s] Level 1:colcon.colcon_core.environment:create_file_with_runtime_dependencies(/home/her0/assignment_ws/src/robotics_software_engineer/install/robot_sensing_debug/share/colcon-core/packages/robot_sensing_debug)
[6.715s] DEBUG:colcon.colcon_parallel_executor.executor.parallel:closing loop
[6.715s] DEBUG:colcon.colcon_parallel_executor.executor.parallel:loop closed
[6.715s] DEBUG:colcon.colcon_parallel_executor.executor.parallel:run_until_complete finished with '0'
[6.715s] DEBUG:colcon.colcon_core.event_reactor:joining thread
[6.718s] INFO:colcon.colcon_core.plugin_system:Skipping extension 'colcon_notification.desktop_notification.terminal_notifier': Not used on non-Darwin systems
[6.718s] INFO:colcon.colcon_core.plugin_system:Skipping extension 'colcon_notification.desktop_notification.win32': Not used on non-Windows systems
[6.718s] INFO:colcon.colcon_notification.desktop_notification:Sending desktop notification using 'notify2'
[6.724s] DEBUG:colcon.colcon_core.event_reactor:joined thread
[6.725s] INFO:colcon.colcon_core.shell:Creating prefix script '/home/her0/assignment_ws/src/robotics_software_engineer/install/local_setup.ps1'
[6.725s] INFO:colcon.colcon_core.shell:Creating prefix util module '/home/her0/assignment_ws/src/robotics_software_engineer/install/_local_setup_util_ps1.py'
[6.726s] INFO:colcon.colcon_core.shell:Creating prefix chain script '/home/her0/assignment_ws/src/robotics_software_engineer/install/setup.ps1'
[6.726s] INFO:colcon.colcon_core.shell:Creating prefix script '/home/her0/assignment_ws/src/robotics_software_engineer/install/local_setup.sh'
[6.727s] INFO:colcon.colcon_core.shell:Creating prefix util module '/home/her0/assignment_ws/src/robotics_software_engineer/install/_local_setup_util_sh.py'
[6.727s] INFO:colcon.colcon_core.shell:Creating prefix chain script '/home/her0/assignment_ws/src/robotics_software_engineer/install/setup.sh'
[6.727s] INFO:colcon.colcon_core.shell:Creating prefix script '/home/her0/assignment_ws/src/robotics_software_engineer/install/local_setup.bash'
[6.728s] INFO:colcon.colcon_core.shell:Creating prefix chain script '/home/her0/assignment_ws/src/robotics_software_engineer/install/setup.bash'
[6.728s] INFO:colcon.colcon_core.shell:Creating prefix script '/home/her0/assignment_ws/src/robotics_software_engineer/install/local_setup.zsh'
[6.728s] INFO:colcon.colcon_core.shell:Creating prefix chain script '/home/her0/assignment_ws/src/robotics_software_engineer/install/setup.zsh'
