[0.111s] DEBUG:colcon:Command line arguments: ['/usr/bin/colcon', 'build']
[0.111s] DEBUG:colcon:Parsed command line arguments: Namespace(allow_overriding=[], ament_cmake_args=None, base_paths=['.'], build_base='build', catkin_cmake_args=None, catkin_skip_building_tests=False, cmake_args=None, cmake_clean_cache=False, cmake_clean_first=False, cmake_force_configure=False, cmake_target=None, cmake_target_skip_unavailable=False, continue_on_error=False, event_handlers=None, executor='parallel', ignore_user_meta=False, install_base='install', log_base=None, log_level=None, main=<bound method BuildVerb.main of <colcon_core.verb.build.BuildVerb object at 0x7f475448bc70>>, merge_install=False, metas=['./colcon.meta'], mixin=None, mixin_files=None, mixin_verb=('build',), packages_above=None, packages_above_and_dependencies=None, packages_above_depth=None, packages_end=None, packages_ignore=None, packages_ignore_regex=None, packages_select=None, packages_select_build_failed=False, packages_select_by_dep=None, packages_select_regex=None, packages_select_test_failures=False, packages_skip=None, packages_skip_build_finished=False, packages_skip_by_dep=None, packages_skip_regex=None, packages_skip_test_passed=False, packages_skip_up_to=None, packages_start=None, packages_up_to=None, packages_up_to_regex=None, parallel_workers=12, paths=None, symlink_install=False, test_result_base=None, verb_extension=<colcon_core.verb.build.BuildVerb object at 0x7f475448bc70>, verb_name='build', verb_parser=<colcon_mixin.mixin.mixin_argument.MixinArgumentDecorator object at 0x7f475441c190>)
[0.192s] Level 1:colcon.colcon_core.package_discovery:discover_packages(colcon_meta) check parameters
[0.193s] Level 1:colcon.colcon_core.package_discovery:discover_packages(recursive) check parameters
[0.193s] Level 1:colcon.colcon_core.package_discovery:discover_packages(ignore) check parameters
[0.193s] Level 1:colcon.colcon_core.package_discovery:discover_packages(path) check parameters
[0.193s] Level 1:colcon.colcon_core.package_discovery:discover_packages(colcon_meta) discover
[0.193s] Level 1:colcon.colcon_core.package_discovery:discover_packages(recursive) discover
[0.193s] INFO:colcon.colcon_core.package_discovery:Crawling recursively for packages in '/home/her0/assignment_ws/src/robotics_software_engineer'
[0.193s] Level 1:colcon.colcon_core.package_identification:_identify(.) by extensions ['ignore', 'ignore_ament_install']
[0.193s] Level 1:colcon.colcon_core.package_identification:_identify(.) by extension 'ignore'
[0.193s] Level 1:colcon.colcon_core.package_identification:_identify(.) by extension 'ignore_ament_install'
[0.193s] Level 1:colcon.colcon_core.package_identification:_identify(.) by extensions ['colcon_pkg']
[0.193s] Level 1:colcon.colcon_core.package_identification:_identify(.) by extension 'colcon_pkg'
[0.193s] Level 1:colcon.colcon_core.package_identification:_identify(.) by extensions ['colcon_meta']
[0.193s] Level 1:colcon.colcon_core.package_identification:_identify(.) by extension 'colcon_meta'
[0.193s] Level 1:colcon.colcon_core.package_identification:_identify(.) by extensions ['ros']
[0.193s] Level 1:colcon.colcon_core.package_identification:_identify(.) by extension 'ros'
[0.200s] Level 1:colcon.colcon_core.package_identification:_identify(.) by extensions ['cmake', 'python']
[0.200s] Level 1:colcon.colcon_core.package_identification:_identify(.) by extension 'cmake'
[0.200s] Level 1:colcon.colcon_core.package_identification:_identify(.) by extension 'python'
[0.200s] Level 1:colcon.colcon_core.package_identification:_identify(.) by extensions ['python_setup_py']
[0.200s] Level 1:colcon.colcon_core.package_identification:_identify(.) by extension 'python_setup_py'
[0.200s] Level 1:colcon.colcon_core.package_identification:_identify(build) by extensions ['ignore', 'ignore_ament_install']
[0.200s] Level 1:colcon.colcon_core.package_identification:_identify(build) by extension 'ignore'
[0.200s] Level 1:colcon.colcon_core.package_identification:_identify(build) ignored
[0.200s] Level 1:colcon.colcon_core.package_identification:_identify(install) by extensions ['ignore', 'ignore_ament_install']
[0.200s] Level 1:colcon.colcon_core.package_identification:_identify(install) by extension 'ignore'
[0.200s] Level 1:colcon.colcon_core.package_identification:_identify(install) ignored
[0.200s] Level 1:colcon.colcon_core.package_identification:_identify(log) by extensions ['ignore', 'ignore_ament_install']
[0.200s] Level 1:colcon.colcon_core.package_identification:_identify(log) by extension 'ignore'
[0.200s] Level 1:colcon.colcon_core.package_identification:_identify(log) ignored
[0.200s] Level 1:colcon.colcon_core.package_identification:_identify(module_1_assignment) by extensions ['ignore', 'ignore_ament_install']
[0.200s] Level 1:colcon.colcon_core.package_identification:_identify(module_1_assignment) by extension 'ignore'
[0.200s] Level 1:colcon.colcon_core.package_identification:_identify(module_1_assignment) by extension 'ignore_ament_install'
[0.200s] Level 1:colcon.colcon_core.package_identification:_identify(module_1_assignment) by extensions ['colcon_pkg']
[0.200s] Level 1:colcon.colcon_core.package_identification:_identify(module_1_assignment) by extension 'colcon_pkg'
[0.201s] Level 1:colcon.colcon_core.package_identification:_identify(module_1_assignment) by extensions ['colcon_meta']
[0.201s] Level 1:colcon.colcon_core.package_identification:_identify(module_1_assignment) by extension 'colcon_meta'
[0.201s] Level 1:colcon.colcon_core.package_identification:_identify(module_1_assignment) by extensions ['ros']
[0.201s] Level 1:colcon.colcon_core.package_identification:_identify(module_1_assignment) by extension 'ros'
[0.202s] DEBUG:colcon.colcon_core.package_identification:Package 'module_1_assignment' with type 'ros.ament_cmake' and name 'module_1_assignment'
[0.202s] Level 1:colcon.colcon_core.package_identification:_identify(module_2_assignment) by extensions ['ignore', 'ignore_ament_install']
[0.202s] Level 1:colcon.colcon_core.package_identification:_identify(module_2_assignment) by extension 'ignore'
[0.202s] Level 1:colcon.colcon_core.package_identification:_identify(module_2_assignment) by extension 'ignore_ament_install'
[0.202s] Level 1:colcon.colcon_core.package_identification:_identify(module_2_assignment) by extensions ['colcon_pkg']
[0.202s] Level 1:colcon.colcon_core.package_identification:_identify(module_2_assignment) by extension 'colcon_pkg'
[0.202s] Level 1:colcon.colcon_core.package_identification:_identify(module_2_assignment) by extensions ['colcon_meta']
[0.202s] Level 1:colcon.colcon_core.package_identification:_identify(module_2_assignment) by extension 'colcon_meta'
[0.202s] Level 1:colcon.colcon_core.package_identification:_identify(module_2_assignment) by extensions ['ros']
[0.202s] Level 1:colcon.colcon_core.package_identification:_identify(module_2_assignment) by extension 'ros'
[0.203s] DEBUG:colcon.colcon_core.package_identification:Package 'module_2_assignment' with type 'ros.ament_cmake' and name 'module_2_assignment'
[0.203s] Level 1:colcon.colcon_core.package_identification:_identify(module_3_assignment) by extensions ['ignore', 'ignore_ament_install']
[0.203s] Level 1:colcon.colcon_core.package_identification:_identify(module_3_assignment) by extension 'ignore'
[0.203s] Level 1:colcon.colcon_core.package_identification:_identify(module_3_assignment) by extension 'ignore_ament_install'
[0.203s] Level 1:colcon.colcon_core.package_identification:_identify(module_3_assignment) by extensions ['colcon_pkg']
[0.203s] Level 1:colcon.colcon_core.package_identification:_identify(module_3_assignment) by extension 'colcon_pkg'
[0.203s] Level 1:colcon.colcon_core.package_identification:_identify(module_3_assignment) by extensions ['colcon_meta']
[0.203s] Level 1:colcon.colcon_core.package_identification:_identify(module_3_assignment) by extension 'colcon_meta'
[0.203s] Level 1:colcon.colcon_core.package_identification:_identify(module_3_assignment) by extensions ['ros']
[0.203s] Level 1:colcon.colcon_core.package_identification:_identify(module_3_assignment) by extension 'ros'
[0.203s] DEBUG:colcon.colcon_core.package_identification:Package 'module_3_assignment' with type 'ros.ament_cmake' and name 'module_3_assignment'
[0.203s] Level 1:colcon.colcon_core.package_identification:_identify(module_4_assessment) by extensions ['ignore', 'ignore_ament_install']
[0.204s] Level 1:colcon.colcon_core.package_identification:_identify(module_4_assessment) by extension 'ignore'
[0.204s] Level 1:colcon.colcon_core.package_identification:_identify(module_4_assessment) by extension 'ignore_ament_install'
[0.204s] Level 1:colcon.colcon_core.package_identification:_identify(module_4_assessment) by extensions ['colcon_pkg']
[0.204s] Level 1:colcon.colcon_core.package_identification:_identify(module_4_assessment) by extension 'colcon_pkg'
[0.204s] Level 1:colcon.colcon_core.package_identification:_identify(module_4_assessment) by extensions ['colcon_meta']
[0.204s] Level 1:colcon.colcon_core.package_identification:_identify(module_4_assessment) by extension 'colcon_meta'
[0.204s] Level 1:colcon.colcon_core.package_identification:_identify(module_4_assessment) by extensions ['ros']
[0.204s] Level 1:colcon.colcon_core.package_identification:_identify(module_4_assessment) by extension 'ros'
[0.204s] Level 1:colcon.colcon_core.package_identification:_identify(module_4_assessment) by extensions ['cmake', 'python']
[0.204s] Level 1:colcon.colcon_core.package_identification:_identify(module_4_assessment) by extension 'cmake'
[0.204s] Level 1:colcon.colcon_core.package_identification:_identify(module_4_assessment) by extension 'python'
[0.204s] Level 1:colcon.colcon_core.package_identification:_identify(module_4_assessment) by extensions ['python_setup_py']
[0.204s] Level 1:colcon.colcon_core.package_identification:_identify(module_4_assessment) by extension 'python_setup_py'
[0.204s] Level 1:colcon.colcon_core.package_identification:_identify(module_4_assessment/module_4_assignment) by extensions ['ignore', 'ignore_ament_install']
[0.204s] Level 1:colcon.colcon_core.package_identification:_identify(module_4_assessment/module_4_assignment) by extension 'ignore'
[0.204s] Level 1:colcon.colcon_core.package_identification:_identify(module_4_assessment/module_4_assignment) by extension 'ignore_ament_install'
[0.204s] Level 1:colcon.colcon_core.package_identification:_identify(module_4_assessment/module_4_assignment) by extensions ['colcon_pkg']
[0.204s] Level 1:colcon.colcon_core.package_identification:_identify(module_4_assessment/module_4_assignment) by extension 'colcon_pkg'
[0.204s] Level 1:colcon.colcon_core.package_identification:_identify(module_4_assessment/module_4_assignment) by extensions ['colcon_meta']
[0.204s] Level 1:colcon.colcon_core.package_identification:_identify(module_4_assessment/module_4_assignment) by extension 'colcon_meta'
[0.204s] Level 1:colcon.colcon_core.package_identification:_identify(module_4_assessment/module_4_assignment) by extensions ['ros']
[0.204s] Level 1:colcon.colcon_core.package_identification:_identify(module_4_assessment/module_4_assignment) by extension 'ros'
[0.204s] DEBUG:colcon.colcon_core.package_identification:Package 'module_4_assessment/module_4_assignment' with type 'ros.ament_cmake' and name 'module_4_assignment'
[0.205s] Level 1:colcon.colcon_core.package_identification:_identify(module_4_assessment/robot_sensing_debug) by extensions ['ignore', 'ignore_ament_install']
[0.205s] Level 1:colcon.colcon_core.package_identification:_identify(module_4_assessment/robot_sensing_debug) by extension 'ignore'
[0.205s] Level 1:colcon.colcon_core.package_identification:_identify(module_4_assessment/robot_sensing_debug) by extension 'ignore_ament_install'
[0.205s] Level 1:colcon.colcon_core.package_identification:_identify(module_4_assessment/robot_sensing_debug) by extensions ['colcon_pkg']
[0.205s] Level 1:colcon.colcon_core.package_identification:_identify(module_4_assessment/robot_sensing_debug) by extension 'colcon_pkg'
[0.205s] Level 1:colcon.colcon_core.package_identification:_identify(module_4_assessment/robot_sensing_debug) by extensions ['colcon_meta']
[0.205s] Level 1:colcon.colcon_core.package_identification:_identify(module_4_assessment/robot_sensing_debug) by extension 'colcon_meta'
[0.205s] Level 1:colcon.colcon_core.package_identification:_identify(module_4_assessment/robot_sensing_debug) by extensions ['ros']
[0.205s] Level 1:colcon.colcon_core.package_identification:_identify(module_4_assessment/robot_sensing_debug) by extension 'ros'
[0.205s] DEBUG:colcon.colcon_core.package_identification:Package 'module_4_assessment/robot_sensing_debug' with type 'ros.ament_cmake' and name 'robot_sensing_debug'
[0.205s] Level 1:colcon.colcon_core.package_identification:_identify(module_5_assignment) by extensions ['ignore', 'ignore_ament_install']
[0.205s] Level 1:colcon.colcon_core.package_identification:_identify(module_5_assignment) by extension 'ignore'
[0.205s] Level 1:colcon.colcon_core.package_identification:_identify(module_5_assignment) by extension 'ignore_ament_install'
[0.205s] Level 1:colcon.colcon_core.package_identification:_identify(module_5_assignment) by extensions ['colcon_pkg']
[0.205s] Level 1:colcon.colcon_core.package_identification:_identify(module_5_assignment) by extension 'colcon_pkg'
[0.206s] Level 1:colcon.colcon_core.package_identification:_identify(module_5_assignment) by extensions ['colcon_meta']
[0.206s] Level 1:colcon.colcon_core.package_identification:_identify(module_5_assignment) by extension 'colcon_meta'
[0.206s] Level 1:colcon.colcon_core.package_identification:_identify(module_5_assignment) by extensions ['ros']
[0.206s] Level 1:colcon.colcon_core.package_identification:_identify(module_5_assignment) by extension 'ros'
[0.206s] DEBUG:colcon.colcon_core.package_identification:Package 'module_5_assignment' with type 'ros.ament_cmake' and name 'module_5_assignment'
[0.206s] Level 1:colcon.colcon_core.package_identification:_identify(module_6_assignment) by extensions ['ignore', 'ignore_ament_install']
[0.206s] Level 1:colcon.colcon_core.package_identification:_identify(module_6_assignment) by extension 'ignore'
[0.206s] Level 1:colcon.colcon_core.package_identification:_identify(module_6_assignment) by extension 'ignore_ament_install'
[0.206s] Level 1:colcon.colcon_core.package_identification:_identify(module_6_assignment) by extensions ['colcon_pkg']
[0.206s] Level 1:colcon.colcon_core.package_identification:_identify(module_6_assignment) by extension 'colcon_pkg'
[0.206s] Level 1:colcon.colcon_core.package_identification:_identify(module_6_assignment) by extensions ['colcon_meta']
[0.206s] Level 1:colcon.colcon_core.package_identification:_identify(module_6_assignment) by extension 'colcon_meta'
[0.206s] Level 1:colcon.colcon_core.package_identification:_identify(module_6_assignment) by extensions ['ros']
[0.206s] Level 1:colcon.colcon_core.package_identification:_identify(module_6_assignment) by extension 'ros'
[0.206s] DEBUG:colcon.colcon_core.package_identification:Package 'module_6_assignment' with type 'ros.ament_cmake' and name 'module_6_assignment'
[0.207s] Level 1:colcon.colcon_core.package_identification:_identify(module_7_assignment) by extensions ['ignore', 'ignore_ament_install']
[0.207s] Level 1:colcon.colcon_core.package_identification:_identify(module_7_assignment) by extension 'ignore'
[0.207s] Level 1:colcon.colcon_core.package_identification:_identify(module_7_assignment) by extension 'ignore_ament_install'
[0.207s] Level 1:colcon.colcon_core.package_identification:_identify(module_7_assignment) by extensions ['colcon_pkg']
[0.207s] Level 1:colcon.colcon_core.package_identification:_identify(module_7_assignment) by extension 'colcon_pkg'
[0.207s] Level 1:colcon.colcon_core.package_identification:_identify(module_7_assignment) by extensions ['colcon_meta']
[0.207s] Level 1:colcon.colcon_core.package_identification:_identify(module_7_assignment) by extension 'colcon_meta'
[0.207s] Level 1:colcon.colcon_core.package_identification:_identify(module_7_assignment) by extensions ['ros']
[0.207s] Level 1:colcon.colcon_core.package_identification:_identify(module_7_assignment) by extension 'ros'
[0.207s] DEBUG:colcon.colcon_core.package_identification:Package 'module_7_assignment' with type 'ros.ament_cmake' and name 'module_7_assignment'
[0.207s] Level 1:colcon.colcon_core.package_identification:_identify(module_8_assignment) by extensions ['ignore', 'ignore_ament_install']
[0.207s] Level 1:colcon.colcon_core.package_identification:_identify(module_8_assignment) by extension 'ignore'
[0.207s] Level 1:colcon.colcon_core.package_identification:_identify(module_8_assignment) by extension 'ignore_ament_install'
[0.207s] Level 1:colcon.colcon_core.package_identification:_identify(module_8_assignment) by extensions ['colcon_pkg']
[0.207s] Level 1:colcon.colcon_core.package_identification:_identify(module_8_assignment) by extension 'colcon_pkg'
[0.207s] Level 1:colcon.colcon_core.package_identification:_identify(module_8_assignment) by extensions ['colcon_meta']
[0.207s] Level 1:colcon.colcon_core.package_identification:_identify(module_8_assignment) by extension 'colcon_meta'
[0.207s] Level 1:colcon.colcon_core.package_identification:_identify(module_8_assignment) by extensions ['ros']
[0.207s] Level 1:colcon.colcon_core.package_identification:_identify(module_8_assignment) by extension 'ros'
[0.208s] DEBUG:colcon.colcon_core.package_identification:Package 'module_8_assignment' with type 'ros.ament_cmake' and name 'module_8_assignment'
[0.208s] Level 1:colcon.colcon_core.package_discovery:discover_packages(recursive) using defaults
[0.208s] Level 1:colcon.colcon_core.package_discovery:discover_packages(ignore) discover
[0.208s] Level 1:colcon.colcon_core.package_discovery:discover_packages(ignore) using defaults
[0.208s] Level 1:colcon.colcon_core.package_discovery:discover_packages(path) discover
[0.208s] Level 1:colcon.colcon_core.package_discovery:discover_packages(path) using defaults
[0.224s] Level 1:colcon.colcon_core.package_discovery:discover_packages(prefix_path) check parameters
[0.224s] Level 1:colcon.colcon_core.package_discovery:discover_packages(prefix_path) discover
[0.225s] DEBUG:colcon.colcon_installed_package_information.package_discovery:Found 260 installed packages in /opt/ros/foxy
[0.226s] Level 1:colcon.colcon_core.package_discovery:discover_packages(prefix_path) using defaults
[0.253s] Level 5:colcon.colcon_core.verb:set package 'module_1_assignment' build argument 'cmake_args' from command line to 'None'
[0.253s] Level 5:colcon.colcon_core.verb:set package 'module_1_assignment' build argument 'cmake_target' from command line to 'None'
[0.253s] Level 5:colcon.colcon_core.verb:set package 'module_1_assignment' build argument 'cmake_target_skip_unavailable' from command line to 'False'
[0.253s] Level 5:colcon.colcon_core.verb:set package 'module_1_assignment' build argument 'cmake_clean_cache' from command line to 'False'
[0.253s] Level 5:colcon.colcon_core.verb:set package 'module_1_assignment' build argument 'cmake_clean_first' from command line to 'False'
[0.253s] Level 5:colcon.colcon_core.verb:set package 'module_1_assignment' build argument 'cmake_force_configure' from command line to 'False'
[0.253s] Level 5:colcon.colcon_core.verb:set package 'module_1_assignment' build argument 'ament_cmake_args' from command line to 'None'
[0.253s] Level 5:colcon.colcon_core.verb:set package 'module_1_assignment' build argument 'catkin_cmake_args' from command line to 'None'
[0.253s] Level 5:colcon.colcon_core.verb:set package 'module_1_assignment' build argument 'catkin_skip_building_tests' from command line to 'False'
[0.253s] DEBUG:colcon.colcon_core.verb:Building package 'module_1_assignment' with the following arguments: {'ament_cmake_args': None, 'build_base': '/home/her0/assignment_ws/src/robotics_software_engineer/build/module_1_assignment', 'catkin_cmake_args': None, 'catkin_skip_building_tests': False, 'cmake_args': None, 'cmake_clean_cache': False, 'cmake_clean_first': False, 'cmake_force_configure': False, 'cmake_target': None, 'cmake_target_skip_unavailable': False, 'install_base': '/home/her0/assignment_ws/src/robotics_software_engineer/install/module_1_assignment', 'merge_install': False, 'path': '/home/her0/assignment_ws/src/robotics_software_engineer/module_1_assignment', 'symlink_install': False, 'test_result_base': None}
[0.253s] Level 5:colcon.colcon_core.verb:set package 'module_2_assignment' build argument 'cmake_args' from command line to 'None'
[0.253s] Level 5:colcon.colcon_core.verb:set package 'module_2_assignment' build argument 'cmake_target' from command line to 'None'
[0.253s] Level 5:colcon.colcon_core.verb:set package 'module_2_assignment' build argument 'cmake_target_skip_unavailable' from command line to 'False'
[0.253s] Level 5:colcon.colcon_core.verb:set package 'module_2_assignment' build argument 'cmake_clean_cache' from command line to 'False'
[0.253s] Level 5:colcon.colcon_core.verb:set package 'module_2_assignment' build argument 'cmake_clean_first' from command line to 'False'
[0.253s] Level 5:colcon.colcon_core.verb:set package 'module_2_assignment' build argument 'cmake_force_configure' from command line to 'False'
[0.253s] Level 5:colcon.colcon_core.verb:set package 'module_2_assignment' build argument 'ament_cmake_args' from command line to 'None'
[0.253s] Level 5:colcon.colcon_core.verb:set package 'module_2_assignment' build argument 'catkin_cmake_args' from command line to 'None'
[0.254s] Level 5:colcon.colcon_core.verb:set package 'module_2_assignment' build argument 'catkin_skip_building_tests' from command line to 'False'
[0.254s] DEBUG:colcon.colcon_core.verb:Building package 'module_2_assignment' with the following arguments: {'ament_cmake_args': None, 'build_base': '/home/her0/assignment_ws/src/robotics_software_engineer/build/module_2_assignment', 'catkin_cmake_args': None, 'catkin_skip_building_tests': False, 'cmake_args': None, 'cmake_clean_cache': False, 'cmake_clean_first': False, 'cmake_force_configure': False, 'cmake_target': None, 'cmake_target_skip_unavailable': False, 'install_base': '/home/her0/assignment_ws/src/robotics_software_engineer/install/module_2_assignment', 'merge_install': False, 'path': '/home/her0/assignment_ws/src/robotics_software_engineer/module_2_assignment', 'symlink_install': False, 'test_result_base': None}
[0.254s] Level 5:colcon.colcon_core.verb:set package 'module_3_assignment' build argument 'cmake_args' from command line to 'None'
[0.254s] Level 5:colcon.colcon_core.verb:set package 'module_3_assignment' build argument 'cmake_target' from command line to 'None'
[0.254s] Level 5:colcon.colcon_core.verb:set package 'module_3_assignment' build argument 'cmake_target_skip_unavailable' from command line to 'False'
[0.254s] Level 5:colcon.colcon_core.verb:set package 'module_3_assignment' build argument 'cmake_clean_cache' from command line to 'False'
[0.254s] Level 5:colcon.colcon_core.verb:set package 'module_3_assignment' build argument 'cmake_clean_first' from command line to 'False'
[0.254s] Level 5:colcon.colcon_core.verb:set package 'module_3_assignment' build argument 'cmake_force_configure' from command line to 'False'
[0.254s] Level 5:colcon.colcon_core.verb:set package 'module_3_assignment' build argument 'ament_cmake_args' from command line to 'None'
[0.254s] Level 5:colcon.colcon_core.verb:set package 'module_3_assignment' build argument 'catkin_cmake_args' from command line to 'None'
[0.254s] Level 5:colcon.colcon_core.verb:set package 'module_3_assignment' build argument 'catkin_skip_building_tests' from command line to 'False'
[0.254s] DEBUG:colcon.colcon_core.verb:Building package 'module_3_assignment' with the following arguments: {'ament_cmake_args': None, 'build_base': '/home/her0/assignment_ws/src/robotics_software_engineer/build/module_3_assignment', 'catkin_cmake_args': None, 'catkin_skip_building_tests': False, 'cmake_args': None, 'cmake_clean_cache': False, 'cmake_clean_first': False, 'cmake_force_configure': False, 'cmake_target': None, 'cmake_target_skip_unavailable': False, 'install_base': '/home/her0/assignment_ws/src/robotics_software_engineer/install/module_3_assignment', 'merge_install': False, 'path': '/home/her0/assignment_ws/src/robotics_software_engineer/module_3_assignment', 'symlink_install': False, 'test_result_base': None}
[0.254s] Level 5:colcon.colcon_core.verb:set package 'module_4_assignment' build argument 'cmake_args' from command line to 'None'
[0.254s] Level 5:colcon.colcon_core.verb:set package 'module_4_assignment' build argument 'cmake_target' from command line to 'None'
[0.254s] Level 5:colcon.colcon_core.verb:set package 'module_4_assignment' build argument 'cmake_target_skip_unavailable' from command line to 'False'
[0.254s] Level 5:colcon.colcon_core.verb:set package 'module_4_assignment' build argument 'cmake_clean_cache' from command line to 'False'
[0.254s] Level 5:colcon.colcon_core.verb:set package 'module_4_assignment' build argument 'cmake_clean_first' from command line to 'False'
[0.254s] Level 5:colcon.colcon_core.verb:set package 'module_4_assignment' build argument 'cmake_force_configure' from command line to 'False'
[0.254s] Level 5:colcon.colcon_core.verb:set package 'module_4_assignment' build argument 'ament_cmake_args' from command line to 'None'
[0.254s] Level 5:colcon.colcon_core.verb:set package 'module_4_assignment' build argument 'catkin_cmake_args' from command line to 'None'
[0.254s] Level 5:colcon.colcon_core.verb:set package 'module_4_assignment' build argument 'catkin_skip_building_tests' from command line to 'False'
[0.254s] DEBUG:colcon.colcon_core.verb:Building package 'module_4_assignment' with the following arguments: {'ament_cmake_args': None, 'build_base': '/home/her0/assignment_ws/src/robotics_software_engineer/build/module_4_assignment', 'catkin_cmake_args': None, 'catkin_skip_building_tests': False, 'cmake_args': None, 'cmake_clean_cache': False, 'cmake_clean_first': False, 'cmake_force_configure': False, 'cmake_target': None, 'cmake_target_skip_unavailable': False, 'install_base': '/home/her0/assignment_ws/src/robotics_software_engineer/install/module_4_assignment', 'merge_install': False, 'path': '/home/her0/assignment_ws/src/robotics_software_engineer/module_4_assessment/module_4_assignment', 'symlink_install': False, 'test_result_base': None}
[0.255s] Level 5:colcon.colcon_core.verb:set package 'module_5_assignment' build argument 'cmake_args' from command line to 'None'
[0.255s] Level 5:colcon.colcon_core.verb:set package 'module_5_assignment' build argument 'cmake_target' from command line to 'None'
[0.255s] Level 5:colcon.colcon_core.verb:set package 'module_5_assignment' build argument 'cmake_target_skip_unavailable' from command line to 'False'
[0.255s] Level 5:colcon.colcon_core.verb:set package 'module_5_assignment' build argument 'cmake_clean_cache' from command line to 'False'
[0.255s] Level 5:colcon.colcon_core.verb:set package 'module_5_assignment' build argument 'cmake_clean_first' from command line to 'False'
[0.255s] Level 5:colcon.colcon_core.verb:set package 'module_5_assignment' build argument 'cmake_force_configure' from command line to 'False'
[0.255s] Level 5:colcon.colcon_core.verb:set package 'module_5_assignment' build argument 'ament_cmake_args' from command line to 'None'
[0.255s] Level 5:colcon.colcon_core.verb:set package 'module_5_assignment' build argument 'catkin_cmake_args' from command line to 'None'
[0.255s] Level 5:colcon.colcon_core.verb:set package 'module_5_assignment' build argument 'catkin_skip_building_tests' from command line to 'False'
[0.255s] DEBUG:colcon.colcon_core.verb:Building package 'module_5_assignment' with the following arguments: {'ament_cmake_args': None, 'build_base': '/home/her0/assignment_ws/src/robotics_software_engineer/build/module_5_assignment', 'catkin_cmake_args': None, 'catkin_skip_building_tests': False, 'cmake_args': None, 'cmake_clean_cache': False, 'cmake_clean_first': False, 'cmake_force_configure': False, 'cmake_target': None, 'cmake_target_skip_unavailable': False, 'install_base': '/home/her0/assignment_ws/src/robotics_software_engineer/install/module_5_assignment', 'merge_install': False, 'path': '/home/her0/assignment_ws/src/robotics_software_engineer/module_5_assignment', 'symlink_install': False, 'test_result_base': None}
[0.255s] Level 5:colcon.colcon_core.verb:set package 'module_6_assignment' build argument 'cmake_args' from command line to 'None'
[0.255s] Level 5:colcon.colcon_core.verb:set package 'module_6_assignment' build argument 'cmake_target' from command line to 'None'
[0.255s] Level 5:colcon.colcon_core.verb:set package 'module_6_assignment' build argument 'cmake_target_skip_unavailable' from command line to 'False'
[0.255s] Level 5:colcon.colcon_core.verb:set package 'module_6_assignment' build argument 'cmake_clean_cache' from command line to 'False'
[0.255s] Level 5:colcon.colcon_core.verb:set package 'module_6_assignment' build argument 'cmake_clean_first' from command line to 'False'
[0.255s] Level 5:colcon.colcon_core.verb:set package 'module_6_assignment' build argument 'cmake_force_configure' from command line to 'False'
[0.255s] Level 5:colcon.colcon_core.verb:set package 'module_6_assignment' build argument 'ament_cmake_args' from command line to 'None'
[0.255s] Level 5:colcon.colcon_core.verb:set package 'module_6_assignment' build argument 'catkin_cmake_args' from command line to 'None'
[0.255s] Level 5:colcon.colcon_core.verb:set package 'module_6_assignment' build argument 'catkin_skip_building_tests' from command line to 'False'
[0.255s] DEBUG:colcon.colcon_core.verb:Building package 'module_6_assignment' with the following arguments: {'ament_cmake_args': None, 'build_base': '/home/her0/assignment_ws/src/robotics_software_engineer/build/module_6_assignment', 'catkin_cmake_args': None, 'catkin_skip_building_tests': False, 'cmake_args': None, 'cmake_clean_cache': False, 'cmake_clean_first': False, 'cmake_force_configure': False, 'cmake_target': None, 'cmake_target_skip_unavailable': False, 'install_base': '/home/her0/assignment_ws/src/robotics_software_engineer/install/module_6_assignment', 'merge_install': False, 'path': '/home/her0/assignment_ws/src/robotics_software_engineer/module_6_assignment', 'symlink_install': False, 'test_result_base': None}
[0.255s] Level 5:colcon.colcon_core.verb:set package 'module_7_assignment' build argument 'cmake_args' from command line to 'None'
[0.255s] Level 5:colcon.colcon_core.verb:set package 'module_7_assignment' build argument 'cmake_target' from command line to 'None'
[0.255s] Level 5:colcon.colcon_core.verb:set package 'module_7_assignment' build argument 'cmake_target_skip_unavailable' from command line to 'False'
[0.255s] Level 5:colcon.colcon_core.verb:set package 'module_7_assignment' build argument 'cmake_clean_cache' from command line to 'False'
[0.255s] Level 5:colcon.colcon_core.verb:set package 'module_7_assignment' build argument 'cmake_clean_first' from command line to 'False'
[0.255s] Level 5:colcon.colcon_core.verb:set package 'module_7_assignment' build argument 'cmake_force_configure' from command line to 'False'
[0.255s] Level 5:colcon.colcon_core.verb:set package 'module_7_assignment' build argument 'ament_cmake_args' from command line to 'None'
[0.255s] Level 5:colcon.colcon_core.verb:set package 'module_7_assignment' build argument 'catkin_cmake_args' from command line to 'None'
[0.255s] Level 5:colcon.colcon_core.verb:set package 'module_7_assignment' build argument 'catkin_skip_building_tests' from command line to 'False'
[0.255s] DEBUG:colcon.colcon_core.verb:Building package 'module_7_assignment' with the following arguments: {'ament_cmake_args': None, 'build_base': '/home/her0/assignment_ws/src/robotics_software_engineer/build/module_7_assignment', 'catkin_cmake_args': None, 'catkin_skip_building_tests': False, 'cmake_args': None, 'cmake_clean_cache': False, 'cmake_clean_first': False, 'cmake_force_configure': False, 'cmake_target': None, 'cmake_target_skip_unavailable': False, 'install_base': '/home/her0/assignment_ws/src/robotics_software_engineer/install/module_7_assignment', 'merge_install': False, 'path': '/home/her0/assignment_ws/src/robotics_software_engineer/module_7_assignment', 'symlink_install': False, 'test_result_base': None}
[0.256s] Level 5:colcon.colcon_core.verb:set package 'module_8_assignment' build argument 'cmake_args' from command line to 'None'
[0.256s] Level 5:colcon.colcon_core.verb:set package 'module_8_assignment' build argument 'cmake_target' from command line to 'None'
[0.256s] Level 5:colcon.colcon_core.verb:set package 'module_8_assignment' build argument 'cmake_target_skip_unavailable' from command line to 'False'
[0.256s] Level 5:colcon.colcon_core.verb:set package 'module_8_assignment' build argument 'cmake_clean_cache' from command line to 'False'
[0.256s] Level 5:colcon.colcon_core.verb:set package 'module_8_assignment' build argument 'cmake_clean_first' from command line to 'False'
[0.256s] Level 5:colcon.colcon_core.verb:set package 'module_8_assignment' build argument 'cmake_force_configure' from command line to 'False'
[0.256s] Level 5:colcon.colcon_core.verb:set package 'module_8_assignment' build argument 'ament_cmake_args' from command line to 'None'
[0.256s] Level 5:colcon.colcon_core.verb:set package 'module_8_assignment' build argument 'catkin_cmake_args' from command line to 'None'
[0.256s] Level 5:colcon.colcon_core.verb:set package 'module_8_assignment' build argument 'catkin_skip_building_tests' from command line to 'False'
[0.256s] DEBUG:colcon.colcon_core.verb:Building package 'module_8_assignment' with the following arguments: {'ament_cmake_args': None, 'build_base': '/home/her0/assignment_ws/src/robotics_software_engineer/build/module_8_assignment', 'catkin_cmake_args': None, 'catkin_skip_building_tests': False, 'cmake_args': None, 'cmake_clean_cache': False, 'cmake_clean_first': False, 'cmake_force_configure': False, 'cmake_target': None, 'cmake_target_skip_unavailable': False, 'install_base': '/home/her0/assignment_ws/src/robotics_software_engineer/install/module_8_assignment', 'merge_install': False, 'path': '/home/her0/assignment_ws/src/robotics_software_engineer/module_8_assignment', 'symlink_install': False, 'test_result_base': None}
[0.256s] Level 5:colcon.colcon_core.verb:set package 'robot_sensing_debug' build argument 'cmake_args' from command line to 'None'
[0.256s] Level 5:colcon.colcon_core.verb:set package 'robot_sensing_debug' build argument 'cmake_target' from command line to 'None'
[0.256s] Level 5:colcon.colcon_core.verb:set package 'robot_sensing_debug' build argument 'cmake_target_skip_unavailable' from command line to 'False'
[0.256s] Level 5:colcon.colcon_core.verb:set package 'robot_sensing_debug' build argument 'cmake_clean_cache' from command line to 'False'
[0.256s] Level 5:colcon.colcon_core.verb:set package 'robot_sensing_debug' build argument 'cmake_clean_first' from command line to 'False'
[0.256s] Level 5:colcon.colcon_core.verb:set package 'robot_sensing_debug' build argument 'cmake_force_configure' from command line to 'False'
[0.256s] Level 5:colcon.colcon_core.verb:set package 'robot_sensing_debug' build argument 'ament_cmake_args' from command line to 'None'
[0.256s] Level 5:colcon.colcon_core.verb:set package 'robot_sensing_debug' build argument 'catkin_cmake_args' from command line to 'None'
[0.256s] Level 5:colcon.colcon_core.verb:set package 'robot_sensing_debug' build argument 'catkin_skip_building_tests' from command line to 'False'
[0.256s] DEBUG:colcon.colcon_core.verb:Building package 'robot_sensing_debug' with the following arguments: {'ament_cmake_args': None, 'build_base': '/home/her0/assignment_ws/src/robotics_software_engineer/build/robot_sensing_debug', 'catkin_cmake_args': None, 'catkin_skip_building_tests': False, 'cmake_args': None, 'cmake_clean_cache': False, 'cmake_clean_first': False, 'cmake_force_configure': False, 'cmake_target': None, 'cmake_target_skip_unavailable': False, 'install_base': '/home/her0/assignment_ws/src/robotics_software_engineer/install/robot_sensing_debug', 'merge_install': False, 'path': '/home/her0/assignment_ws/src/robotics_software_engineer/module_4_assessment/robot_sensing_debug', 'symlink_install': False, 'test_result_base': None}
[0.256s] INFO:colcon.colcon_core.executor:Executing jobs using 'parallel' executor
[0.257s] DEBUG:colcon.colcon_parallel_executor.executor.parallel:run_until_complete
[0.257s] INFO:colcon.colcon_ros.task.ament_cmake.build:Building ROS package in '/home/her0/assignment_ws/src/robotics_software_engineer/module_1_assignment' with build type 'ament_cmake'
[0.257s] INFO:colcon.colcon_cmake.task.cmake.build:Building CMake package in '/home/her0/assignment_ws/src/robotics_software_engineer/module_1_assignment'
[0.259s] INFO:colcon.colcon_core.plugin_system:Skipping extension 'colcon_core.shell.bat': Not used on non-Windows systems
[0.259s] INFO:colcon.colcon_core.shell:Skip shell extension 'powershell' for command environment: Not usable outside of PowerShell
[0.259s] DEBUG:colcon.colcon_core.shell:Skip shell extension 'dsv' for command environment
[0.262s] INFO:colcon.colcon_ros.task.ament_cmake.build:Building ROS package in '/home/her0/assignment_ws/src/robotics_software_engineer/module_2_assignment' with build type 'ament_cmake'
[0.262s] INFO:colcon.colcon_cmake.task.cmake.build:Building CMake package in '/home/her0/assignment_ws/src/robotics_software_engineer/module_2_assignment'
[0.262s] INFO:colcon.colcon_core.shell:Skip shell extension 'powershell' for command environment: Not usable outside of PowerShell
[0.262s] DEBUG:colcon.colcon_core.shell:Skip shell extension 'dsv' for command environment
[0.265s] INFO:colcon.colcon_ros.task.ament_cmake.build:Building ROS package in '/home/her0/assignment_ws/src/robotics_software_engineer/module_3_assignment' with build type 'ament_cmake'
[0.265s] INFO:colcon.colcon_cmake.task.cmake.build:Building CMake package in '/home/her0/assignment_ws/src/robotics_software_engineer/module_3_assignment'
[0.265s] INFO:colcon.colcon_core.shell:Skip shell extension 'powershell' for command environment: Not usable outside of PowerShell
[0.265s] DEBUG:colcon.colcon_core.shell:Skip shell extension 'dsv' for command environment
[0.268s] INFO:colcon.colcon_ros.task.ament_cmake.build:Building ROS package in '/home/her0/assignment_ws/src/robotics_software_engineer/module_4_assessment/module_4_assignment' with build type 'ament_cmake'
[0.268s] INFO:colcon.colcon_cmake.task.cmake.build:Building CMake package in '/home/her0/assignment_ws/src/robotics_software_engineer/module_4_assessment/module_4_assignment'
[0.268s] INFO:colcon.colcon_core.shell:Skip shell extension 'powershell' for command environment: Not usable outside of PowerShell
[0.268s] DEBUG:colcon.colcon_core.shell:Skip shell extension 'dsv' for command environment
[0.271s] INFO:colcon.colcon_ros.task.ament_cmake.build:Building ROS package in '/home/her0/assignment_ws/src/robotics_software_engineer/module_5_assignment' with build type 'ament_cmake'
[0.271s] INFO:colcon.colcon_cmake.task.cmake.build:Building CMake package in '/home/her0/assignment_ws/src/robotics_software_engineer/module_5_assignment'
[0.272s] INFO:colcon.colcon_core.shell:Skip shell extension 'powershell' for command environment: Not usable outside of PowerShell
[0.272s] DEBUG:colcon.colcon_core.shell:Skip shell extension 'dsv' for command environment
[0.274s] INFO:colcon.colcon_ros.task.ament_cmake.build:Building ROS package in '/home/her0/assignment_ws/src/robotics_software_engineer/module_6_assignment' with build type 'ament_cmake'
[0.275s] INFO:colcon.colcon_cmake.task.cmake.build:Building CMake package in '/home/her0/assignment_ws/src/robotics_software_engineer/module_6_assignment'
[0.275s] INFO:colcon.colcon_core.shell:Skip shell extension 'powershell' for command environment: Not usable outside of PowerShell
[0.275s] DEBUG:colcon.colcon_core.shell:Skip shell extension 'dsv' for command environment
[0.278s] INFO:colcon.colcon_ros.task.ament_cmake.build:Building ROS package in '/home/her0/assignment_ws/src/robotics_software_engineer/module_7_assignment' with build type 'ament_cmake'
[0.278s] INFO:colcon.colcon_cmake.task.cmake.build:Building CMake package in '/home/her0/assignment_ws/src/robotics_software_engineer/module_7_assignment'
[0.278s] INFO:colcon.colcon_core.shell:Skip shell extension 'powershell' for command environment: Not usable outside of PowerShell
[0.278s] DEBUG:colcon.colcon_core.shell:Skip shell extension 'dsv' for command environment
[0.281s] INFO:colcon.colcon_ros.task.ament_cmake.build:Building ROS package in '/home/her0/assignment_ws/src/robotics_software_engineer/module_8_assignment' with build type 'ament_cmake'
[0.281s] INFO:colcon.colcon_cmake.task.cmake.build:Building CMake package in '/home/her0/assignment_ws/src/robotics_software_engineer/module_8_assignment'
[0.281s] INFO:colcon.colcon_core.shell:Skip shell extension 'powershell' for command environment: Not usable outside of PowerShell
[0.281s] DEBUG:colcon.colcon_core.shell:Skip shell extension 'dsv' for command environment
[0.284s] INFO:colcon.colcon_ros.task.ament_cmake.build:Building ROS package in '/home/her0/assignment_ws/src/robotics_software_engineer/module_4_assessment/robot_sensing_debug' with build type 'ament_cmake'
[0.284s] INFO:colcon.colcon_cmake.task.cmake.build:Building CMake package in '/home/her0/assignment_ws/src/robotics_software_engineer/module_4_assessment/robot_sensing_debug'
[0.284s] INFO:colcon.colcon_core.shell:Skip shell extension 'powershell' for command environment: Not usable outside of PowerShell
[0.284s] DEBUG:colcon.colcon_core.shell:Skip shell extension 'dsv' for command environment
[0.292s] DEBUG:colcon.colcon_core.event_handler.log_command:Invoking command in '/home/her0/assignment_ws/src/robotics_software_engineer/build/module_1_assignment': CMAKE_PREFIX_PATH=/opt/ros/foxy /usr/bin/cmake --build /home/her0/assignment_ws/src/robotics_software_engineer/build/module_1_assignment -- -j12 -l12
[0.294s] DEBUG:colcon.colcon_core.event_handler.log_command:Invoking command in '/home/her0/assignment_ws/src/robotics_software_engineer/build/module_2_assignment': CMAKE_PREFIX_PATH=/opt/ros/foxy /usr/bin/cmake --build /home/her0/assignment_ws/src/robotics_software_engineer/build/module_2_assignment -- -j12 -l12
[0.298s] DEBUG:colcon.colcon_core.event_handler.log_command:Invoking command in '/home/her0/assignment_ws/src/robotics_software_engineer/build/module_3_assignment': CMAKE_PREFIX_PATH=/opt/ros/foxy /usr/bin/cmake --build /home/her0/assignment_ws/src/robotics_software_engineer/build/module_3_assignment -- -j12 -l12
[0.302s] DEBUG:colcon.colcon_core.event_handler.log_command:Invoking command in '/home/her0/assignment_ws/src/robotics_software_engineer/build/module_4_assignment': CMAKE_PREFIX_PATH=/opt/ros/foxy /usr/bin/cmake --build /home/her0/assignment_ws/src/robotics_software_engineer/build/module_4_assignment -- -j12 -l12
[0.306s] DEBUG:colcon.colcon_core.event_handler.log_command:Invoking command in '/home/her0/assignment_ws/src/robotics_software_engineer/build/module_5_assignment': CMAKE_PREFIX_PATH=/opt/ros/foxy /usr/bin/cmake --build /home/her0/assignment_ws/src/robotics_software_engineer/build/module_5_assignment -- -j12 -l12
[0.309s] DEBUG:colcon.colcon_core.event_handler.log_command:Invoking command in '/home/her0/assignment_ws/src/robotics_software_engineer/build/module_6_assignment': CMAKE_PREFIX_PATH=/opt/ros/foxy /usr/bin/cmake --build /home/her0/assignment_ws/src/robotics_software_engineer/build/module_6_assignment -- -j12 -l12
[0.314s] DEBUG:colcon.colcon_core.event_handler.log_command:Invoking command in '/home/her0/assignment_ws/src/robotics_software_engineer/build/module_7_assignment': CMAKE_PREFIX_PATH=/opt/ros/foxy /usr/bin/cmake --build /home/her0/assignment_ws/src/robotics_software_engineer/build/module_7_assignment -- -j12 -l12
[0.321s] DEBUG:colcon.colcon_core.event_handler.log_command:Invoking command in '/home/her0/assignment_ws/src/robotics_software_engineer/build/module_8_assignment': CMAKE_PREFIX_PATH=/opt/ros/foxy /usr/bin/cmake --build /home/her0/assignment_ws/src/robotics_software_engineer/build/module_8_assignment -- -j12 -l12
[0.329s] DEBUG:colcon.colcon_core.event_handler.log_command:Invoking command in '/home/her0/assignment_ws/src/robotics_software_engineer/build/robot_sensing_debug': CMAKE_PREFIX_PATH=/opt/ros/foxy /usr/bin/cmake --build /home/her0/assignment_ws/src/robotics_software_engineer/build/robot_sensing_debug -- -j12 -l12
[0.343s] DEBUG:colcon.colcon_core.event_handler.log_command:Invoked command in '/home/her0/assignment_ws/src/robotics_software_engineer/build/module_3_assignment' returned '0': CMAKE_PREFIX_PATH=/opt/ros/foxy /usr/bin/cmake --build /home/her0/assignment_ws/src/robotics_software_engineer/build/module_3_assignment -- -j12 -l12
[0.354s] DEBUG:colcon.colcon_core.event_handler.log_command:Invoking command in '/home/her0/assignment_ws/src/robotics_software_engineer/build/module_3_assignment': CMAKE_PREFIX_PATH=/opt/ros/foxy /usr/bin/cmake --install /home/her0/assignment_ws/src/robotics_software_engineer/build/module_3_assignment
[0.355s] DEBUG:colcon.colcon_core.event_handler.log_command:Invoked command in '/home/her0/assignment_ws/src/robotics_software_engineer/build/module_4_assignment' returned '0': CMAKE_PREFIX_PATH=/opt/ros/foxy /usr/bin/cmake --build /home/her0/assignment_ws/src/robotics_software_engineer/build/module_4_assignment -- -j12 -l12
[0.358s] DEBUG:colcon.colcon_core.event_handler.log_command:Invoking command in '/home/her0/assignment_ws/src/robotics_software_engineer/build/module_4_assignment': CMAKE_PREFIX_PATH=/opt/ros/foxy /usr/bin/cmake --install /home/her0/assignment_ws/src/robotics_software_engineer/build/module_4_assignment
[0.359s] DEBUG:colcon.colcon_core.event_handler.log_command:Invoked command in '/home/her0/assignment_ws/src/robotics_software_engineer/build/module_5_assignment' returned '0': CMAKE_PREFIX_PATH=/opt/ros/foxy /usr/bin/cmake --build /home/her0/assignment_ws/src/robotics_software_engineer/build/module_5_assignment -- -j12 -l12
[0.362s] DEBUG:colcon.colcon_core.event_handler.log_command:Invoking command in '/home/her0/assignment_ws/src/robotics_software_engineer/build/module_5_assignment': CMAKE_PREFIX_PATH=/opt/ros/foxy /usr/bin/cmake --install /home/her0/assignment_ws/src/robotics_software_engineer/build/module_5_assignment
[0.365s] DEBUG:colcon.colcon_core.event_handler.log_command:Invoked command in '/home/her0/assignment_ws/src/robotics_software_engineer/build/module_6_assignment' returned '0': CMAKE_PREFIX_PATH=/opt/ros/foxy /usr/bin/cmake --build /home/her0/assignment_ws/src/robotics_software_engineer/build/module_6_assignment -- -j12 -l12
[0.370s] DEBUG:colcon.colcon_core.event_handler.log_command:Invoking command in '/home/her0/assignment_ws/src/robotics_software_engineer/build/module_6_assignment': CMAKE_PREFIX_PATH=/opt/ros/foxy /usr/bin/cmake --install /home/her0/assignment_ws/src/robotics_software_engineer/build/module_6_assignment
[0.370s] DEBUG:colcon.colcon_core.event_handler.log_command:Invoked command in '/home/her0/assignment_ws/src/robotics_software_engineer/build/module_7_assignment' returned '0': CMAKE_PREFIX_PATH=/opt/ros/foxy /usr/bin/cmake --build /home/her0/assignment_ws/src/robotics_software_engineer/build/module_7_assignment -- -j12 -l12
[0.373s] DEBUG:colcon.colcon_core.event_handler.log_command:Invoking command in '/home/her0/assignment_ws/src/robotics_software_engineer/build/module_7_assignment': CMAKE_PREFIX_PATH=/opt/ros/foxy /usr/bin/cmake --install /home/her0/assignment_ws/src/robotics_software_engineer/build/module_7_assignment
[0.374s] DEBUG:colcon.colcon_core.event_handler.log_command:Invoked command in '/home/her0/assignment_ws/src/robotics_software_engineer/build/module_1_assignment' returned '0': CMAKE_PREFIX_PATH=/opt/ros/foxy /usr/bin/cmake --build /home/her0/assignment_ws/src/robotics_software_engineer/build/module_1_assignment -- -j12 -l12
[0.375s] DEBUG:colcon.colcon_core.event_handler.log_command:Invoking command in '/home/her0/assignment_ws/src/robotics_software_engineer/build/module_1_assignment': CMAKE_PREFIX_PATH=/opt/ros/foxy /usr/bin/cmake --install /home/her0/assignment_ws/src/robotics_software_engineer/build/module_1_assignment
[0.377s] DEBUG:colcon.colcon_core.event_handler.log_command:Invoked command in '/home/her0/assignment_ws/src/robotics_software_engineer/build/module_8_assignment' returned '0': CMAKE_PREFIX_PATH=/opt/ros/foxy /usr/bin/cmake --build /home/her0/assignment_ws/src/robotics_software_engineer/build/module_8_assignment -- -j12 -l12
[0.380s] DEBUG:colcon.colcon_core.event_handler.log_command:Invoking command in '/home/her0/assignment_ws/src/robotics_software_engineer/build/module_8_assignment': CMAKE_PREFIX_PATH=/opt/ros/foxy /usr/bin/cmake --install /home/her0/assignment_ws/src/robotics_software_engineer/build/module_8_assignment
[0.381s] Level 1:colcon.colcon_core.environment:create_environment_scripts_only(module_3_assignment)
[0.385s] DEBUG:colcon.colcon_core.event_handler.log_command:Invoked command in '/home/her0/assignment_ws/src/robotics_software_engineer/build/module_3_assignment' returned '0': CMAKE_PREFIX_PATH=/opt/ros/foxy /usr/bin/cmake --install /home/her0/assignment_ws/src/robotics_software_engineer/build/module_3_assignment
[0.387s] Level 1:colcon.colcon_core.environment:checking '/home/her0/assignment_ws/src/robotics_software_engineer/install/module_3_assignment' for CMake module files
[0.388s] Level 1:colcon.colcon_core.environment:checking '/home/her0/assignment_ws/src/robotics_software_engineer/install/module_3_assignment' for CMake config files
[0.389s] Level 1:colcon.colcon_core.shell:create_environment_hook('module_3_assignment', 'cmake_prefix_path')
[0.390s] INFO:colcon.colcon_core.shell:Creating environment hook '/home/her0/assignment_ws/src/robotics_software_engineer/install/module_3_assignment/share/module_3_assignment/hook/cmake_prefix_path.ps1'
[0.391s] INFO:colcon.colcon_core.shell:Creating environment descriptor '/home/her0/assignment_ws/src/robotics_software_engineer/install/module_3_assignment/share/module_3_assignment/hook/cmake_prefix_path.dsv'
[0.391s] INFO:colcon.colcon_core.shell:Creating environment hook '/home/her0/assignment_ws/src/robotics_software_engineer/install/module_3_assignment/share/module_3_assignment/hook/cmake_prefix_path.sh'
[0.392s] Level 1:colcon.colcon_core.environment:checking '/home/her0/assignment_ws/src/robotics_software_engineer/install/module_3_assignment/bin'
[0.392s] Level 1:colcon.colcon_core.environment:checking '/home/her0/assignment_ws/src/robotics_software_engineer/install/module_3_assignment/lib/pkgconfig/module_3_assignment.pc'
[0.392s] Level 1:colcon.colcon_core.environment:checking '/home/her0/assignment_ws/src/robotics_software_engineer/install/module_3_assignment/lib/python3.8/site-packages'
[0.393s] Level 1:colcon.colcon_core.environment:checking '/home/her0/assignment_ws/src/robotics_software_engineer/install/module_3_assignment/bin'
[0.393s] INFO:colcon.colcon_core.shell:Creating package script '/home/her0/assignment_ws/src/robotics_software_engineer/install/module_3_assignment/share/module_3_assignment/package.ps1'
[0.393s] INFO:colcon.colcon_core.shell:Creating package descriptor '/home/her0/assignment_ws/src/robotics_software_engineer/install/module_3_assignment/share/module_3_assignment/package.dsv'
[0.394s] INFO:colcon.colcon_core.shell:Creating package script '/home/her0/assignment_ws/src/robotics_software_engineer/install/module_3_assignment/share/module_3_assignment/package.sh'
[0.394s] INFO:colcon.colcon_core.shell:Creating package script '/home/her0/assignment_ws/src/robotics_software_engineer/install/module_3_assignment/share/module_3_assignment/package.bash'
[0.395s] INFO:colcon.colcon_core.shell:Creating package script '/home/her0/assignment_ws/src/robotics_software_engineer/install/module_3_assignment/share/module_3_assignment/package.zsh'
[0.396s] Level 1:colcon.colcon_core.environment:create_file_with_runtime_dependencies(/home/her0/assignment_ws/src/robotics_software_engineer/install/module_3_assignment/share/colcon-core/packages/module_3_assignment)
[0.396s] Level 1:colcon.colcon_core.environment:create_environment_scripts_only(module_3_assignment)
[0.396s] Level 1:colcon.colcon_core.environment:checking '/home/her0/assignment_ws/src/robotics_software_engineer/install/module_3_assignment' for CMake module files
[0.397s] Level 1:colcon.colcon_core.environment:checking '/home/her0/assignment_ws/src/robotics_software_engineer/install/module_3_assignment' for CMake config files
[0.397s] Level 1:colcon.colcon_core.shell:create_environment_hook('module_3_assignment', 'cmake_prefix_path')
[0.397s] INFO:colcon.colcon_core.shell:Creating environment hook '/home/her0/assignment_ws/src/robotics_software_engineer/install/module_3_assignment/share/module_3_assignment/hook/cmake_prefix_path.ps1'
[0.397s] INFO:colcon.colcon_core.shell:Creating environment descriptor '/home/her0/assignment_ws/src/robotics_software_engineer/install/module_3_assignment/share/module_3_assignment/hook/cmake_prefix_path.dsv'
[0.397s] INFO:colcon.colcon_core.shell:Creating environment hook '/home/her0/assignment_ws/src/robotics_software_engineer/install/module_3_assignment/share/module_3_assignment/hook/cmake_prefix_path.sh'
[0.398s] Level 1:colcon.colcon_core.environment:checking '/home/her0/assignment_ws/src/robotics_software_engineer/install/module_3_assignment/bin'
[0.398s] Level 1:colcon.colcon_core.environment:checking '/home/her0/assignment_ws/src/robotics_software_engineer/install/module_3_assignment/lib/pkgconfig/module_3_assignment.pc'
[0.398s] Level 1:colcon.colcon_core.environment:checking '/home/her0/assignment_ws/src/robotics_software_engineer/install/module_3_assignment/lib/python3.8/site-packages'
[0.398s] Level 1:colcon.colcon_core.environment:checking '/home/her0/assignment_ws/src/robotics_software_engineer/install/module_3_assignment/bin'
[0.398s] INFO:colcon.colcon_core.shell:Creating package script '/home/her0/assignment_ws/src/robotics_software_engineer/install/module_3_assignment/share/module_3_assignment/package.ps1'
[0.398s] INFO:colcon.colcon_core.shell:Creating package descriptor '/home/her0/assignment_ws/src/robotics_software_engineer/install/module_3_assignment/share/module_3_assignment/package.dsv'
[0.398s] INFO:colcon.colcon_core.shell:Creating package script '/home/her0/assignment_ws/src/robotics_software_engineer/install/module_3_assignment/share/module_3_assignment/package.sh'
[0.399s] INFO:colcon.colcon_core.shell:Creating package script '/home/her0/assignment_ws/src/robotics_software_engineer/install/module_3_assignment/share/module_3_assignment/package.bash'
[0.399s] INFO:colcon.colcon_core.shell:Creating package script '/home/her0/assignment_ws/src/robotics_software_engineer/install/module_3_assignment/share/module_3_assignment/package.zsh'
[0.399s] Level 1:colcon.colcon_core.environment:create_file_with_runtime_dependencies(/home/her0/assignment_ws/src/robotics_software_engineer/install/module_3_assignment/share/colcon-core/packages/module_3_assignment)
[0.402s] DEBUG:colcon.colcon_core.event_handler.log_command:Invoked command in '/home/her0/assignment_ws/src/robotics_software_engineer/build/module_2_assignment' returned '0': CMAKE_PREFIX_PATH=/opt/ros/foxy /usr/bin/cmake --build /home/her0/assignment_ws/src/robotics_software_engineer/build/module_2_assignment -- -j12 -l12
[0.403s] DEBUG:colcon.colcon_core.event_handler.log_command:Invoking command in '/home/her0/assignment_ws/src/robotics_software_engineer/build/module_2_assignment': CMAKE_PREFIX_PATH=/opt/ros/foxy /usr/bin/cmake --install /home/her0/assignment_ws/src/robotics_software_engineer/build/module_2_assignment
[0.403s] Level 1:colcon.colcon_core.environment:create_environment_scripts_only(module_4_assignment)
[0.403s] Level 1:colcon.colcon_core.environment:checking '/home/her0/assignment_ws/src/robotics_software_engineer/install/module_4_assignment' for CMake module files
[0.404s] DEBUG:colcon.colcon_core.event_handler.log_command:Invoked command in '/home/her0/assignment_ws/src/robotics_software_engineer/build/module_4_assignment' returned '0': CMAKE_PREFIX_PATH=/opt/ros/foxy /usr/bin/cmake --install /home/her0/assignment_ws/src/robotics_software_engineer/build/module_4_assignment
[0.404s] Level 1:colcon.colcon_core.environment:checking '/home/her0/assignment_ws/src/robotics_software_engineer/install/module_4_assignment' for CMake config files
[0.404s] Level 1:colcon.colcon_core.shell:create_environment_hook('module_4_assignment', 'cmake_prefix_path')
[0.405s] INFO:colcon.colcon_core.shell:Creating environment hook '/home/her0/assignment_ws/src/robotics_software_engineer/install/module_4_assignment/share/module_4_assignment/hook/cmake_prefix_path.ps1'
[0.405s] INFO:colcon.colcon_core.shell:Creating environment descriptor '/home/her0/assignment_ws/src/robotics_software_engineer/install/module_4_assignment/share/module_4_assignment/hook/cmake_prefix_path.dsv'
[0.405s] INFO:colcon.colcon_core.shell:Creating environment hook '/home/her0/assignment_ws/src/robotics_software_engineer/install/module_4_assignment/share/module_4_assignment/hook/cmake_prefix_path.sh'
[0.406s] Level 1:colcon.colcon_core.environment:checking '/home/her0/assignment_ws/src/robotics_software_engineer/install/module_4_assignment/bin'
[0.406s] Level 1:colcon.colcon_core.environment:checking '/home/her0/assignment_ws/src/robotics_software_engineer/install/module_4_assignment/lib/pkgconfig/module_4_assignment.pc'
[0.406s] Level 1:colcon.colcon_core.environment:checking '/home/her0/assignment_ws/src/robotics_software_engineer/install/module_4_assignment/lib/python3.8/site-packages'
[0.406s] Level 1:colcon.colcon_core.environment:checking '/home/her0/assignment_ws/src/robotics_software_engineer/install/module_4_assignment/bin'
[0.406s] INFO:colcon.colcon_core.shell:Creating package script '/home/her0/assignment_ws/src/robotics_software_engineer/install/module_4_assignment/share/module_4_assignment/package.ps1'
[0.406s] INFO:colcon.colcon_core.shell:Creating package descriptor '/home/her0/assignment_ws/src/robotics_software_engineer/install/module_4_assignment/share/module_4_assignment/package.dsv'
[0.407s] INFO:colcon.colcon_core.shell:Creating package script '/home/her0/assignment_ws/src/robotics_software_engineer/install/module_4_assignment/share/module_4_assignment/package.sh'
[0.408s] INFO:colcon.colcon_core.shell:Creating package script '/home/her0/assignment_ws/src/robotics_software_engineer/install/module_4_assignment/share/module_4_assignment/package.bash'
[0.409s] INFO:colcon.colcon_core.shell:Creating package script '/home/her0/assignment_ws/src/robotics_software_engineer/install/module_4_assignment/share/module_4_assignment/package.zsh'
[0.409s] Level 1:colcon.colcon_core.environment:create_file_with_runtime_dependencies(/home/her0/assignment_ws/src/robotics_software_engineer/install/module_4_assignment/share/colcon-core/packages/module_4_assignment)
[0.410s] Level 1:colcon.colcon_core.environment:create_environment_scripts_only(module_4_assignment)
[0.410s] Level 1:colcon.colcon_core.environment:checking '/home/her0/assignment_ws/src/robotics_software_engineer/install/module_4_assignment' for CMake module files
[0.411s] Level 1:colcon.colcon_core.environment:checking '/home/her0/assignment_ws/src/robotics_software_engineer/install/module_4_assignment' for CMake config files
[0.412s] Level 1:colcon.colcon_core.shell:create_environment_hook('module_4_assignment', 'cmake_prefix_path')
[0.412s] INFO:colcon.colcon_core.shell:Creating environment hook '/home/her0/assignment_ws/src/robotics_software_engineer/install/module_4_assignment/share/module_4_assignment/hook/cmake_prefix_path.ps1'
[0.412s] INFO:colcon.colcon_core.shell:Creating environment descriptor '/home/her0/assignment_ws/src/robotics_software_engineer/install/module_4_assignment/share/module_4_assignment/hook/cmake_prefix_path.dsv'
[0.412s] INFO:colcon.colcon_core.shell:Creating environment hook '/home/her0/assignment_ws/src/robotics_software_engineer/install/module_4_assignment/share/module_4_assignment/hook/cmake_prefix_path.sh'
[0.413s] Level 1:colcon.colcon_core.environment:checking '/home/her0/assignment_ws/src/robotics_software_engineer/install/module_4_assignment/bin'
[0.413s] Level 1:colcon.colcon_core.environment:checking '/home/her0/assignment_ws/src/robotics_software_engineer/install/module_4_assignment/lib/pkgconfig/module_4_assignment.pc'
[0.413s] Level 1:colcon.colcon_core.environment:checking '/home/her0/assignment_ws/src/robotics_software_engineer/install/module_4_assignment/lib/python3.8/site-packages'
[0.413s] Level 1:colcon.colcon_core.environment:checking '/home/her0/assignment_ws/src/robotics_software_engineer/install/module_4_assignment/bin'
[0.413s] INFO:colcon.colcon_core.shell:Creating package script '/home/her0/assignment_ws/src/robotics_software_engineer/install/module_4_assignment/share/module_4_assignment/package.ps1'
[0.413s] INFO:colcon.colcon_core.shell:Creating package descriptor '/home/her0/assignment_ws/src/robotics_software_engineer/install/module_4_assignment/share/module_4_assignment/package.dsv'
[0.414s] INFO:colcon.colcon_core.shell:Creating package script '/home/her0/assignment_ws/src/robotics_software_engineer/install/module_4_assignment/share/module_4_assignment/package.sh'
[0.414s] INFO:colcon.colcon_core.shell:Creating package script '/home/her0/assignment_ws/src/robotics_software_engineer/install/module_4_assignment/share/module_4_assignment/package.bash'
[0.414s] INFO:colcon.colcon_core.shell:Creating package script '/home/her0/assignment_ws/src/robotics_software_engineer/install/module_4_assignment/share/module_4_assignment/package.zsh'
[0.414s] Level 1:colcon.colcon_core.environment:create_file_with_runtime_dependencies(/home/her0/assignment_ws/src/robotics_software_engineer/install/module_4_assignment/share/colcon-core/packages/module_4_assignment)
[0.414s] Level 1:colcon.colcon_core.environment:create_environment_scripts_only(module_5_assignment)
[0.414s] Level 1:colcon.colcon_core.environment:checking '/home/her0/assignment_ws/src/robotics_software_engineer/install/module_5_assignment' for CMake module files
[0.415s] Level 1:colcon.colcon_core.environment:checking '/home/her0/assignment_ws/src/robotics_software_engineer/install/module_5_assignment' for CMake config files
[0.415s] Level 1:colcon.colcon_core.shell:create_environment_hook('module_5_assignment', 'cmake_prefix_path')
[0.415s] INFO:colcon.colcon_core.shell:Creating environment hook '/home/her0/assignment_ws/src/robotics_software_engineer/install/module_5_assignment/share/module_5_assignment/hook/cmake_prefix_path.ps1'
[0.415s] DEBUG:colcon.colcon_core.event_handler.log_command:Invoked command in '/home/her0/assignment_ws/src/robotics_software_engineer/build/module_5_assignment' returned '0': CMAKE_PREFIX_PATH=/opt/ros/foxy /usr/bin/cmake --install /home/her0/assignment_ws/src/robotics_software_engineer/build/module_5_assignment
[0.416s] INFO:colcon.colcon_core.shell:Creating environment descriptor '/home/her0/assignment_ws/src/robotics_software_engineer/install/module_5_assignment/share/module_5_assignment/hook/cmake_prefix_path.dsv'
[0.416s] INFO:colcon.colcon_core.shell:Creating environment hook '/home/her0/assignment_ws/src/robotics_software_engineer/install/module_5_assignment/share/module_5_assignment/hook/cmake_prefix_path.sh'
[0.417s] Level 1:colcon.colcon_core.environment:checking '/home/her0/assignment_ws/src/robotics_software_engineer/install/module_5_assignment/bin'
[0.417s] Level 1:colcon.colcon_core.environment:checking '/home/her0/assignment_ws/src/robotics_software_engineer/install/module_5_assignment/lib/pkgconfig/module_5_assignment.pc'
[0.417s] Level 1:colcon.colcon_core.environment:checking '/home/her0/assignment_ws/src/robotics_software_engineer/install/module_5_assignment/lib/python3.8/site-packages'
[0.417s] Level 1:colcon.colcon_core.environment:checking '/home/her0/assignment_ws/src/robotics_software_engineer/install/module_5_assignment/bin'
[0.417s] INFO:colcon.colcon_core.shell:Creating package script '/home/her0/assignment_ws/src/robotics_software_engineer/install/module_5_assignment/share/module_5_assignment/package.ps1'
[0.418s] INFO:colcon.colcon_core.shell:Creating package descriptor '/home/her0/assignment_ws/src/robotics_software_engineer/install/module_5_assignment/share/module_5_assignment/package.dsv'
[0.418s] INFO:colcon.colcon_core.shell:Creating package script '/home/her0/assignment_ws/src/robotics_software_engineer/install/module_5_assignment/share/module_5_assignment/package.sh'
[0.419s] INFO:colcon.colcon_core.shell:Creating package script '/home/her0/assignment_ws/src/robotics_software_engineer/install/module_5_assignment/share/module_5_assignment/package.bash'
[0.420s] INFO:colcon.colcon_core.shell:Creating package script '/home/her0/assignment_ws/src/robotics_software_engineer/install/module_5_assignment/share/module_5_assignment/package.zsh'
[0.420s] Level 1:colcon.colcon_core.environment:create_file_with_runtime_dependencies(/home/her0/assignment_ws/src/robotics_software_engineer/install/module_5_assignment/share/colcon-core/packages/module_5_assignment)
[0.421s] Level 1:colcon.colcon_core.environment:create_environment_scripts_only(module_5_assignment)
[0.421s] Level 1:colcon.colcon_core.environment:checking '/home/her0/assignment_ws/src/robotics_software_engineer/install/module_5_assignment' for CMake module files
[0.421s] Level 1:colcon.colcon_core.environment:checking '/home/her0/assignment_ws/src/robotics_software_engineer/install/module_5_assignment' for CMake config files
[0.421s] Level 1:colcon.colcon_core.shell:create_environment_hook('module_5_assignment', 'cmake_prefix_path')
[0.422s] INFO:colcon.colcon_core.shell:Creating environment hook '/home/her0/assignment_ws/src/robotics_software_engineer/install/module_5_assignment/share/module_5_assignment/hook/cmake_prefix_path.ps1'
[0.422s] INFO:colcon.colcon_core.shell:Creating environment descriptor '/home/her0/assignment_ws/src/robotics_software_engineer/install/module_5_assignment/share/module_5_assignment/hook/cmake_prefix_path.dsv'
[0.422s] INFO:colcon.colcon_core.shell:Creating environment hook '/home/her0/assignment_ws/src/robotics_software_engineer/install/module_5_assignment/share/module_5_assignment/hook/cmake_prefix_path.sh'
[0.423s] Level 1:colcon.colcon_core.environment:checking '/home/her0/assignment_ws/src/robotics_software_engineer/install/module_5_assignment/bin'
[0.423s] Level 1:colcon.colcon_core.environment:checking '/home/her0/assignment_ws/src/robotics_software_engineer/install/module_5_assignment/lib/pkgconfig/module_5_assignment.pc'
[0.423s] Level 1:colcon.colcon_core.environment:checking '/home/her0/assignment_ws/src/robotics_software_engineer/install/module_5_assignment/lib/python3.8/site-packages'
[0.423s] Level 1:colcon.colcon_core.environment:checking '/home/her0/assignment_ws/src/robotics_software_engineer/install/module_5_assignment/bin'
[0.423s] INFO:colcon.colcon_core.shell:Creating package script '/home/her0/assignment_ws/src/robotics_software_engineer/install/module_5_assignment/share/module_5_assignment/package.ps1'
[0.424s] INFO:colcon.colcon_core.shell:Creating package descriptor '/home/her0/assignment_ws/src/robotics_software_engineer/install/module_5_assignment/share/module_5_assignment/package.dsv'
[0.424s] INFO:colcon.colcon_core.shell:Creating package script '/home/her0/assignment_ws/src/robotics_software_engineer/install/module_5_assignment/share/module_5_assignment/package.sh'
[0.424s] INFO:colcon.colcon_core.shell:Creating package script '/home/her0/assignment_ws/src/robotics_software_engineer/install/module_5_assignment/share/module_5_assignment/package.bash'
[0.424s] INFO:colcon.colcon_core.shell:Creating package script '/home/her0/assignment_ws/src/robotics_software_engineer/install/module_5_assignment/share/module_5_assignment/package.zsh'
[0.424s] Level 1:colcon.colcon_core.environment:create_file_with_runtime_dependencies(/home/her0/assignment_ws/src/robotics_software_engineer/install/module_5_assignment/share/colcon-core/packages/module_5_assignment)
[0.425s] Level 1:colcon.colcon_core.environment:create_environment_scripts_only(module_6_assignment)
[0.425s] Level 1:colcon.colcon_core.environment:checking '/home/her0/assignment_ws/src/robotics_software_engineer/install/module_6_assignment' for CMake module files
[0.425s] DEBUG:colcon.colcon_core.event_handler.log_command:Invoked command in '/home/her0/assignment_ws/src/robotics_software_engineer/build/module_6_assignment' returned '0': CMAKE_PREFIX_PATH=/opt/ros/foxy /usr/bin/cmake --install /home/her0/assignment_ws/src/robotics_software_engineer/build/module_6_assignment
[0.425s] Level 1:colcon.colcon_core.environment:checking '/home/her0/assignment_ws/src/robotics_software_engineer/install/module_6_assignment' for CMake config files
[0.425s] Level 1:colcon.colcon_core.shell:create_environment_hook('module_6_assignment', 'cmake_prefix_path')
[0.426s] INFO:colcon.colcon_core.shell:Creating environment hook '/home/her0/assignment_ws/src/robotics_software_engineer/install/module_6_assignment/share/module_6_assignment/hook/cmake_prefix_path.ps1'
[0.426s] INFO:colcon.colcon_core.shell:Creating environment descriptor '/home/her0/assignment_ws/src/robotics_software_engineer/install/module_6_assignment/share/module_6_assignment/hook/cmake_prefix_path.dsv'
[0.426s] INFO:colcon.colcon_core.shell:Creating environment hook '/home/her0/assignment_ws/src/robotics_software_engineer/install/module_6_assignment/share/module_6_assignment/hook/cmake_prefix_path.sh'
[0.426s] Level 1:colcon.colcon_core.environment:checking '/home/her0/assignment_ws/src/robotics_software_engineer/install/module_6_assignment/bin'
[0.426s] Level 1:colcon.colcon_core.environment:checking '/home/her0/assignment_ws/src/robotics_software_engineer/install/module_6_assignment/lib/pkgconfig/module_6_assignment.pc'
[0.426s] Level 1:colcon.colcon_core.environment:checking '/home/her0/assignment_ws/src/robotics_software_engineer/install/module_6_assignment/lib/python3.8/site-packages'
[0.426s] Level 1:colcon.colcon_core.environment:checking '/home/her0/assignment_ws/src/robotics_software_engineer/install/module_6_assignment/bin'
[0.427s] INFO:colcon.colcon_core.shell:Creating package script '/home/her0/assignment_ws/src/robotics_software_engineer/install/module_6_assignment/share/module_6_assignment/package.ps1'
[0.427s] INFO:colcon.colcon_core.shell:Creating package descriptor '/home/her0/assignment_ws/src/robotics_software_engineer/install/module_6_assignment/share/module_6_assignment/package.dsv'
[0.427s] INFO:colcon.colcon_core.shell:Creating package script '/home/her0/assignment_ws/src/robotics_software_engineer/install/module_6_assignment/share/module_6_assignment/package.sh'
[0.427s] INFO:colcon.colcon_core.shell:Creating package script '/home/her0/assignment_ws/src/robotics_software_engineer/install/module_6_assignment/share/module_6_assignment/package.bash'
[0.427s] INFO:colcon.colcon_core.shell:Creating package script '/home/her0/assignment_ws/src/robotics_software_engineer/install/module_6_assignment/share/module_6_assignment/package.zsh'
[0.428s] Level 1:colcon.colcon_core.environment:create_file_with_runtime_dependencies(/home/her0/assignment_ws/src/robotics_software_engineer/install/module_6_assignment/share/colcon-core/packages/module_6_assignment)
[0.428s] Level 1:colcon.colcon_core.environment:create_environment_scripts_only(module_6_assignment)
[0.428s] Level 1:colcon.colcon_core.environment:checking '/home/her0/assignment_ws/src/robotics_software_engineer/install/module_6_assignment' for CMake module files
[0.428s] Level 1:colcon.colcon_core.environment:checking '/home/her0/assignment_ws/src/robotics_software_engineer/install/module_6_assignment' for CMake config files
[0.428s] Level 1:colcon.colcon_core.shell:create_environment_hook('module_6_assignment', 'cmake_prefix_path')
[0.428s] INFO:colcon.colcon_core.shell:Creating environment hook '/home/her0/assignment_ws/src/robotics_software_engineer/install/module_6_assignment/share/module_6_assignment/hook/cmake_prefix_path.ps1'
[0.429s] INFO:colcon.colcon_core.shell:Creating environment descriptor '/home/her0/assignment_ws/src/robotics_software_engineer/install/module_6_assignment/share/module_6_assignment/hook/cmake_prefix_path.dsv'
[0.429s] INFO:colcon.colcon_core.shell:Creating environment hook '/home/her0/assignment_ws/src/robotics_software_engineer/install/module_6_assignment/share/module_6_assignment/hook/cmake_prefix_path.sh'
[0.429s] Level 1:colcon.colcon_core.environment:checking '/home/her0/assignment_ws/src/robotics_software_engineer/install/module_6_assignment/bin'
[0.429s] Level 1:colcon.colcon_core.environment:checking '/home/her0/assignment_ws/src/robotics_software_engineer/install/module_6_assignment/lib/pkgconfig/module_6_assignment.pc'
[0.429s] Level 1:colcon.colcon_core.environment:checking '/home/her0/assignment_ws/src/robotics_software_engineer/install/module_6_assignment/lib/python3.8/site-packages'
[0.429s] Level 1:colcon.colcon_core.environment:checking '/home/her0/assignment_ws/src/robotics_software_engineer/install/module_6_assignment/bin'
[0.429s] INFO:colcon.colcon_core.shell:Creating package script '/home/her0/assignment_ws/src/robotics_software_engineer/install/module_6_assignment/share/module_6_assignment/package.ps1'
[0.430s] INFO:colcon.colcon_core.shell:Creating package descriptor '/home/her0/assignment_ws/src/robotics_software_engineer/install/module_6_assignment/share/module_6_assignment/package.dsv'
[0.430s] INFO:colcon.colcon_core.shell:Creating package script '/home/her0/assignment_ws/src/robotics_software_engineer/install/module_6_assignment/share/module_6_assignment/package.sh'
[0.430s] INFO:colcon.colcon_core.shell:Creating package script '/home/her0/assignment_ws/src/robotics_software_engineer/install/module_6_assignment/share/module_6_assignment/package.bash'
[0.431s] INFO:colcon.colcon_core.shell:Creating package script '/home/her0/assignment_ws/src/robotics_software_engineer/install/module_6_assignment/share/module_6_assignment/package.zsh'
[0.431s] Level 1:colcon.colcon_core.environment:create_file_with_runtime_dependencies(/home/her0/assignment_ws/src/robotics_software_engineer/install/module_6_assignment/share/colcon-core/packages/module_6_assignment)
[0.432s] DEBUG:colcon.colcon_core.event_handler.log_command:Invoked command in '/home/her0/assignment_ws/src/robotics_software_engineer/build/robot_sensing_debug' returned '0': CMAKE_PREFIX_PATH=/opt/ros/foxy /usr/bin/cmake --build /home/her0/assignment_ws/src/robotics_software_engineer/build/robot_sensing_debug -- -j12 -l12
[0.433s] DEBUG:colcon.colcon_core.event_handler.log_command:Invoking command in '/home/her0/assignment_ws/src/robotics_software_engineer/build/robot_sensing_debug': CMAKE_PREFIX_PATH=/opt/ros/foxy /usr/bin/cmake --install /home/her0/assignment_ws/src/robotics_software_engineer/build/robot_sensing_debug
[0.434s] Level 1:colcon.colcon_core.environment:create_environment_scripts_only(module_7_assignment)
[0.434s] Level 1:colcon.colcon_core.environment:checking '/home/her0/assignment_ws/src/robotics_software_engineer/install/module_7_assignment' for CMake module files
[0.435s] DEBUG:colcon.colcon_core.event_handler.log_command:Invoked command in '/home/her0/assignment_ws/src/robotics_software_engineer/build/module_7_assignment' returned '0': CMAKE_PREFIX_PATH=/opt/ros/foxy /usr/bin/cmake --install /home/her0/assignment_ws/src/robotics_software_engineer/build/module_7_assignment
[0.435s] Level 1:colcon.colcon_core.environment:checking '/home/her0/assignment_ws/src/robotics_software_engineer/install/module_7_assignment' for CMake config files
[0.435s] Level 1:colcon.colcon_core.shell:create_environment_hook('module_7_assignment', 'cmake_prefix_path')
[0.435s] INFO:colcon.colcon_core.shell:Creating environment hook '/home/her0/assignment_ws/src/robotics_software_engineer/install/module_7_assignment/share/module_7_assignment/hook/cmake_prefix_path.ps1'
[0.436s] INFO:colcon.colcon_core.shell:Creating environment descriptor '/home/her0/assignment_ws/src/robotics_software_engineer/install/module_7_assignment/share/module_7_assignment/hook/cmake_prefix_path.dsv'
[0.436s] INFO:colcon.colcon_core.shell:Creating environment hook '/home/her0/assignment_ws/src/robotics_software_engineer/install/module_7_assignment/share/module_7_assignment/hook/cmake_prefix_path.sh'
[0.436s] Level 1:colcon.colcon_core.environment:checking '/home/her0/assignment_ws/src/robotics_software_engineer/install/module_7_assignment/bin'
[0.436s] Level 1:colcon.colcon_core.environment:checking '/home/her0/assignment_ws/src/robotics_software_engineer/install/module_7_assignment/lib/pkgconfig/module_7_assignment.pc'
[0.436s] Level 1:colcon.colcon_core.environment:checking '/home/her0/assignment_ws/src/robotics_software_engineer/install/module_7_assignment/lib/python3.8/site-packages'
[0.436s] Level 1:colcon.colcon_core.environment:checking '/home/her0/assignment_ws/src/robotics_software_engineer/install/module_7_assignment/bin'
[0.437s] INFO:colcon.colcon_core.shell:Creating package script '/home/her0/assignment_ws/src/robotics_software_engineer/install/module_7_assignment/share/module_7_assignment/package.ps1'
[0.437s] INFO:colcon.colcon_core.shell:Creating package descriptor '/home/her0/assignment_ws/src/robotics_software_engineer/install/module_7_assignment/share/module_7_assignment/package.dsv'
[0.437s] INFO:colcon.colcon_core.shell:Creating package script '/home/her0/assignment_ws/src/robotics_software_engineer/install/module_7_assignment/share/module_7_assignment/package.sh'
[0.437s] INFO:colcon.colcon_core.shell:Creating package script '/home/her0/assignment_ws/src/robotics_software_engineer/install/module_7_assignment/share/module_7_assignment/package.bash'
[0.437s] INFO:colcon.colcon_core.shell:Creating package script '/home/her0/assignment_ws/src/robotics_software_engineer/install/module_7_assignment/share/module_7_assignment/package.zsh'
[0.438s] Level 1:colcon.colcon_core.environment:create_file_with_runtime_dependencies(/home/her0/assignment_ws/src/robotics_software_engineer/install/module_7_assignment/share/colcon-core/packages/module_7_assignment)
[0.438s] Level 1:colcon.colcon_core.environment:create_environment_scripts_only(module_7_assignment)
[0.438s] Level 1:colcon.colcon_core.environment:checking '/home/her0/assignment_ws/src/robotics_software_engineer/install/module_7_assignment' for CMake module files
[0.438s] Level 1:colcon.colcon_core.environment:checking '/home/her0/assignment_ws/src/robotics_software_engineer/install/module_7_assignment' for CMake config files
[0.438s] Level 1:colcon.colcon_core.shell:create_environment_hook('module_7_assignment', 'cmake_prefix_path')
[0.439s] INFO:colcon.colcon_core.shell:Creating environment hook '/home/her0/assignment_ws/src/robotics_software_engineer/install/module_7_assignment/share/module_7_assignment/hook/cmake_prefix_path.ps1'
[0.439s] INFO:colcon.colcon_core.shell:Creating environment descriptor '/home/her0/assignment_ws/src/robotics_software_engineer/install/module_7_assignment/share/module_7_assignment/hook/cmake_prefix_path.dsv'
[0.439s] INFO:colcon.colcon_core.shell:Creating environment hook '/home/her0/assignment_ws/src/robotics_software_engineer/install/module_7_assignment/share/module_7_assignment/hook/cmake_prefix_path.sh'
[0.439s] Level 1:colcon.colcon_core.environment:checking '/home/her0/assignment_ws/src/robotics_software_engineer/install/module_7_assignment/bin'
[0.439s] Level 1:colcon.colcon_core.environment:checking '/home/her0/assignment_ws/src/robotics_software_engineer/install/module_7_assignment/lib/pkgconfig/module_7_assignment.pc'
[0.439s] Level 1:colcon.colcon_core.environment:checking '/home/her0/assignment_ws/src/robotics_software_engineer/install/module_7_assignment/lib/python3.8/site-packages'
[0.439s] Level 1:colcon.colcon_core.environment:checking '/home/her0/assignment_ws/src/robotics_software_engineer/install/module_7_assignment/bin'
[0.440s] INFO:colcon.colcon_core.shell:Creating package script '/home/her0/assignment_ws/src/robotics_software_engineer/install/module_7_assignment/share/module_7_assignment/package.ps1'
[0.440s] INFO:colcon.colcon_core.shell:Creating package descriptor '/home/her0/assignment_ws/src/robotics_software_engineer/install/module_7_assignment/share/module_7_assignment/package.dsv'
[0.440s] INFO:colcon.colcon_core.shell:Creating package script '/home/her0/assignment_ws/src/robotics_software_engineer/install/module_7_assignment/share/module_7_assignment/package.sh'
[0.440s] INFO:colcon.colcon_core.shell:Creating package script '/home/her0/assignment_ws/src/robotics_software_engineer/install/module_7_assignment/share/module_7_assignment/package.bash'
[0.441s] INFO:colcon.colcon_core.shell:Creating package script '/home/her0/assignment_ws/src/robotics_software_engineer/install/module_7_assignment/share/module_7_assignment/package.zsh'
[0.441s] Level 1:colcon.colcon_core.environment:create_file_with_runtime_dependencies(/home/her0/assignment_ws/src/robotics_software_engineer/install/module_7_assignment/share/colcon-core/packages/module_7_assignment)
[0.442s] Level 1:colcon.colcon_core.environment:create_environment_scripts_only(module_1_assignment)
[0.442s] Level 1:colcon.colcon_core.environment:checking '/home/her0/assignment_ws/src/robotics_software_engineer/install/module_1_assignment' for CMake module files
[0.443s] DEBUG:colcon.colcon_core.event_handler.log_command:Invoked command in '/home/her0/assignment_ws/src/robotics_software_engineer/build/module_1_assignment' returned '0': CMAKE_PREFIX_PATH=/opt/ros/foxy /usr/bin/cmake --install /home/her0/assignment_ws/src/robotics_software_engineer/build/module_1_assignment
[0.444s] Level 1:colcon.colcon_core.environment:checking '/home/her0/assignment_ws/src/robotics_software_engineer/install/module_1_assignment' for CMake config files
[0.444s] Level 1:colcon.colcon_core.shell:create_environment_hook('module_1_assignment', 'cmake_prefix_path')
[0.445s] INFO:colcon.colcon_core.shell:Creating environment hook '/home/her0/assignment_ws/src/robotics_software_engineer/install/module_1_assignment/share/module_1_assignment/hook/cmake_prefix_path.ps1'
[0.445s] INFO:colcon.colcon_core.shell:Creating environment descriptor '/home/her0/assignment_ws/src/robotics_software_engineer/install/module_1_assignment/share/module_1_assignment/hook/cmake_prefix_path.dsv'
[0.445s] INFO:colcon.colcon_core.shell:Creating environment hook '/home/her0/assignment_ws/src/robotics_software_engineer/install/module_1_assignment/share/module_1_assignment/hook/cmake_prefix_path.sh'
[0.446s] Level 1:colcon.colcon_core.environment:checking '/home/her0/assignment_ws/src/robotics_software_engineer/install/module_1_assignment/lib'
[0.446s] Level 1:colcon.colcon_core.environment:checking '/home/her0/assignment_ws/src/robotics_software_engineer/install/module_1_assignment/bin'
[0.446s] Level 1:colcon.colcon_core.environment:checking '/home/her0/assignment_ws/src/robotics_software_engineer/install/module_1_assignment/lib/pkgconfig/module_1_assignment.pc'
[0.446s] Level 1:colcon.colcon_core.environment:checking '/home/her0/assignment_ws/src/robotics_software_engineer/install/module_1_assignment/lib/python3.8/site-packages'
[0.446s] Level 1:colcon.colcon_core.environment:checking '/home/her0/assignment_ws/src/robotics_software_engineer/install/module_1_assignment/bin'
[0.447s] INFO:colcon.colcon_core.shell:Creating package script '/home/her0/assignment_ws/src/robotics_software_engineer/install/module_1_assignment/share/module_1_assignment/package.ps1'
[0.447s] INFO:colcon.colcon_core.shell:Creating package descriptor '/home/her0/assignment_ws/src/robotics_software_engineer/install/module_1_assignment/share/module_1_assignment/package.dsv'
[0.448s] INFO:colcon.colcon_core.shell:Creating package script '/home/her0/assignment_ws/src/robotics_software_engineer/install/module_1_assignment/share/module_1_assignment/package.sh'
[0.448s] INFO:colcon.colcon_core.shell:Creating package script '/home/her0/assignment_ws/src/robotics_software_engineer/install/module_1_assignment/share/module_1_assignment/package.bash'
[0.449s] INFO:colcon.colcon_core.shell:Creating package script '/home/her0/assignment_ws/src/robotics_software_engineer/install/module_1_assignment/share/module_1_assignment/package.zsh'
[0.449s] Level 1:colcon.colcon_core.environment:create_file_with_runtime_dependencies(/home/her0/assignment_ws/src/robotics_software_engineer/install/module_1_assignment/share/colcon-core/packages/module_1_assignment)
[0.449s] Level 1:colcon.colcon_core.environment:create_environment_scripts_only(module_1_assignment)
[0.450s] Level 1:colcon.colcon_core.environment:checking '/home/her0/assignment_ws/src/robotics_software_engineer/install/module_1_assignment' for CMake module files
[0.450s] Level 1:colcon.colcon_core.environment:checking '/home/her0/assignment_ws/src/robotics_software_engineer/install/module_1_assignment' for CMake config files
[0.450s] Level 1:colcon.colcon_core.shell:create_environment_hook('module_1_assignment', 'cmake_prefix_path')
[0.451s] INFO:colcon.colcon_core.shell:Creating environment hook '/home/her0/assignment_ws/src/robotics_software_engineer/install/module_1_assignment/share/module_1_assignment/hook/cmake_prefix_path.ps1'
[0.451s] INFO:colcon.colcon_core.shell:Creating environment descriptor '/home/her0/assignment_ws/src/robotics_software_engineer/install/module_1_assignment/share/module_1_assignment/hook/cmake_prefix_path.dsv'
[0.451s] INFO:colcon.colcon_core.shell:Creating environment hook '/home/her0/assignment_ws/src/robotics_software_engineer/install/module_1_assignment/share/module_1_assignment/hook/cmake_prefix_path.sh'
[0.452s] Level 1:colcon.colcon_core.environment:checking '/home/her0/assignment_ws/src/robotics_software_engineer/install/module_1_assignment/lib'
[0.452s] Level 1:colcon.colcon_core.environment:checking '/home/her0/assignment_ws/src/robotics_software_engineer/install/module_1_assignment/bin'
[0.452s] Level 1:colcon.colcon_core.environment:checking '/home/her0/assignment_ws/src/robotics_software_engineer/install/module_1_assignment/lib/pkgconfig/module_1_assignment.pc'
[0.452s] Level 1:colcon.colcon_core.environment:checking '/home/her0/assignment_ws/src/robotics_software_engineer/install/module_1_assignment/lib/python3.8/site-packages'
[0.452s] Level 1:colcon.colcon_core.environment:checking '/home/her0/assignment_ws/src/robotics_software_engineer/install/module_1_assignment/bin'
[0.452s] INFO:colcon.colcon_core.shell:Creating package script '/home/her0/assignment_ws/src/robotics_software_engineer/install/module_1_assignment/share/module_1_assignment/package.ps1'
[0.452s] INFO:colcon.colcon_core.shell:Creating package descriptor '/home/her0/assignment_ws/src/robotics_software_engineer/install/module_1_assignment/share/module_1_assignment/package.dsv'
[0.453s] INFO:colcon.colcon_core.shell:Creating package script '/home/her0/assignment_ws/src/robotics_software_engineer/install/module_1_assignment/share/module_1_assignment/package.sh'
[0.453s] INFO:colcon.colcon_core.shell:Creating package script '/home/her0/assignment_ws/src/robotics_software_engineer/install/module_1_assignment/share/module_1_assignment/package.bash'
[0.453s] INFO:colcon.colcon_core.shell:Creating package script '/home/her0/assignment_ws/src/robotics_software_engineer/install/module_1_assignment/share/module_1_assignment/package.zsh'
[0.453s] Level 1:colcon.colcon_core.environment:create_file_with_runtime_dependencies(/home/her0/assignment_ws/src/robotics_software_engineer/install/module_1_assignment/share/colcon-core/packages/module_1_assignment)
[0.453s] Level 1:colcon.colcon_core.environment:create_environment_scripts_only(module_8_assignment)
[0.453s] Level 1:colcon.colcon_core.environment:checking '/home/her0/assignment_ws/src/robotics_software_engineer/install/module_8_assignment' for CMake module files
[0.454s] DEBUG:colcon.colcon_core.event_handler.log_command:Invoked command in '/home/her0/assignment_ws/src/robotics_software_engineer/build/module_8_assignment' returned '0': CMAKE_PREFIX_PATH=/opt/ros/foxy /usr/bin/cmake --install /home/her0/assignment_ws/src/robotics_software_engineer/build/module_8_assignment
[0.454s] Level 1:colcon.colcon_core.environment:checking '/home/her0/assignment_ws/src/robotics_software_engineer/install/module_8_assignment' for CMake config files
[0.454s] Level 1:colcon.colcon_core.shell:create_environment_hook('module_8_assignment', 'cmake_prefix_path')
[0.454s] INFO:colcon.colcon_core.shell:Creating environment hook '/home/her0/assignment_ws/src/robotics_software_engineer/install/module_8_assignment/share/module_8_assignment/hook/cmake_prefix_path.ps1'
[0.454s] INFO:colcon.colcon_core.shell:Creating environment descriptor '/home/her0/assignment_ws/src/robotics_software_engineer/install/module_8_assignment/share/module_8_assignment/hook/cmake_prefix_path.dsv'
[0.455s] INFO:colcon.colcon_core.shell:Creating environment hook '/home/her0/assignment_ws/src/robotics_software_engineer/install/module_8_assignment/share/module_8_assignment/hook/cmake_prefix_path.sh'
[0.455s] Level 1:colcon.colcon_core.environment:checking '/home/her0/assignment_ws/src/robotics_software_engineer/install/module_8_assignment/bin'
[0.455s] Level 1:colcon.colcon_core.environment:checking '/home/her0/assignment_ws/src/robotics_software_engineer/install/module_8_assignment/lib/pkgconfig/module_8_assignment.pc'
[0.455s] Level 1:colcon.colcon_core.environment:checking '/home/her0/assignment_ws/src/robotics_software_engineer/install/module_8_assignment/lib/python3.8/site-packages'
[0.455s] Level 1:colcon.colcon_core.environment:checking '/home/her0/assignment_ws/src/robotics_software_engineer/install/module_8_assignment/bin'
[0.455s] INFO:colcon.colcon_core.shell:Creating package script '/home/her0/assignment_ws/src/robotics_software_engineer/install/module_8_assignment/share/module_8_assignment/package.ps1'
[0.456s] INFO:colcon.colcon_core.shell:Creating package descriptor '/home/her0/assignment_ws/src/robotics_software_engineer/install/module_8_assignment/share/module_8_assignment/package.dsv'
[0.456s] INFO:colcon.colcon_core.shell:Creating package script '/home/her0/assignment_ws/src/robotics_software_engineer/install/module_8_assignment/share/module_8_assignment/package.sh'
[0.456s] INFO:colcon.colcon_core.shell:Creating package script '/home/her0/assignment_ws/src/robotics_software_engineer/install/module_8_assignment/share/module_8_assignment/package.bash'
[0.456s] INFO:colcon.colcon_core.shell:Creating package script '/home/her0/assignment_ws/src/robotics_software_engineer/install/module_8_assignment/share/module_8_assignment/package.zsh'
[0.456s] Level 1:colcon.colcon_core.environment:create_file_with_runtime_dependencies(/home/her0/assignment_ws/src/robotics_software_engineer/install/module_8_assignment/share/colcon-core/packages/module_8_assignment)
[0.457s] Level 1:colcon.colcon_core.environment:create_environment_scripts_only(module_8_assignment)
[0.457s] Level 1:colcon.colcon_core.environment:checking '/home/her0/assignment_ws/src/robotics_software_engineer/install/module_8_assignment' for CMake module files
[0.457s] Level 1:colcon.colcon_core.environment:checking '/home/her0/assignment_ws/src/robotics_software_engineer/install/module_8_assignment' for CMake config files
[0.457s] Level 1:colcon.colcon_core.shell:create_environment_hook('module_8_assignment', 'cmake_prefix_path')
[0.457s] INFO:colcon.colcon_core.shell:Creating environment hook '/home/her0/assignment_ws/src/robotics_software_engineer/install/module_8_assignment/share/module_8_assignment/hook/cmake_prefix_path.ps1'
[0.457s] INFO:colcon.colcon_core.shell:Creating environment descriptor '/home/her0/assignment_ws/src/robotics_software_engineer/install/module_8_assignment/share/module_8_assignment/hook/cmake_prefix_path.dsv'
[0.457s] INFO:colcon.colcon_core.shell:Creating environment hook '/home/her0/assignment_ws/src/robotics_software_engineer/install/module_8_assignment/share/module_8_assignment/hook/cmake_prefix_path.sh'
[0.458s] Level 1:colcon.colcon_core.environment:checking '/home/her0/assignment_ws/src/robotics_software_engineer/install/module_8_assignment/bin'
[0.458s] Level 1:colcon.colcon_core.environment:checking '/home/her0/assignment_ws/src/robotics_software_engineer/install/module_8_assignment/lib/pkgconfig/module_8_assignment.pc'
[0.458s] Level 1:colcon.colcon_core.environment:checking '/home/her0/assignment_ws/src/robotics_software_engineer/install/module_8_assignment/lib/python3.8/site-packages'
[0.458s] Level 1:colcon.colcon_core.environment:checking '/home/her0/assignment_ws/src/robotics_software_engineer/install/module_8_assignment/bin'
[0.458s] INFO:colcon.colcon_core.shell:Creating package script '/home/her0/assignment_ws/src/robotics_software_engineer/install/module_8_assignment/share/module_8_assignment/package.ps1'
[0.458s] INFO:colcon.colcon_core.shell:Creating package descriptor '/home/her0/assignment_ws/src/robotics_software_engineer/install/module_8_assignment/share/module_8_assignment/package.dsv'
[0.459s] INFO:colcon.colcon_core.shell:Creating package script '/home/her0/assignment_ws/src/robotics_software_engineer/install/module_8_assignment/share/module_8_assignment/package.sh'
[0.459s] INFO:colcon.colcon_core.shell:Creating package script '/home/her0/assignment_ws/src/robotics_software_engineer/install/module_8_assignment/share/module_8_assignment/package.bash'
[0.459s] INFO:colcon.colcon_core.shell:Creating package script '/home/her0/assignment_ws/src/robotics_software_engineer/install/module_8_assignment/share/module_8_assignment/package.zsh'
[0.459s] Level 1:colcon.colcon_core.environment:create_file_with_runtime_dependencies(/home/her0/assignment_ws/src/robotics_software_engineer/install/module_8_assignment/share/colcon-core/packages/module_8_assignment)
[0.460s] Level 1:colcon.colcon_core.environment:create_environment_scripts_only(module_2_assignment)
[0.460s] Level 1:colcon.colcon_core.environment:checking '/home/her0/assignment_ws/src/robotics_software_engineer/install/module_2_assignment' for CMake module files
[0.460s] DEBUG:colcon.colcon_core.event_handler.log_command:Invoked command in '/home/her0/assignment_ws/src/robotics_software_engineer/build/module_2_assignment' returned '0': CMAKE_PREFIX_PATH=/opt/ros/foxy /usr/bin/cmake --install /home/her0/assignment_ws/src/robotics_software_engineer/build/module_2_assignment
[0.460s] Level 1:colcon.colcon_core.environment:checking '/home/her0/assignment_ws/src/robotics_software_engineer/install/module_2_assignment' for CMake config files
[0.460s] Level 1:colcon.colcon_core.shell:create_environment_hook('module_2_assignment', 'cmake_prefix_path')
[0.461s] INFO:colcon.colcon_core.shell:Creating environment hook '/home/her0/assignment_ws/src/robotics_software_engineer/install/module_2_assignment/share/module_2_assignment/hook/cmake_prefix_path.ps1'
[0.461s] INFO:colcon.colcon_core.shell:Creating environment descriptor '/home/her0/assignment_ws/src/robotics_software_engineer/install/module_2_assignment/share/module_2_assignment/hook/cmake_prefix_path.dsv'
[0.461s] INFO:colcon.colcon_core.shell:Creating environment hook '/home/her0/assignment_ws/src/robotics_software_engineer/install/module_2_assignment/share/module_2_assignment/hook/cmake_prefix_path.sh'
[0.461s] Level 1:colcon.colcon_core.environment:checking '/home/her0/assignment_ws/src/robotics_software_engineer/install/module_2_assignment/lib'
[0.461s] Level 1:colcon.colcon_core.environment:checking '/home/her0/assignment_ws/src/robotics_software_engineer/install/module_2_assignment/bin'
[0.461s] Level 1:colcon.colcon_core.environment:checking '/home/her0/assignment_ws/src/robotics_software_engineer/install/module_2_assignment/lib/pkgconfig/module_2_assignment.pc'
[0.461s] Level 1:colcon.colcon_core.environment:checking '/home/her0/assignment_ws/src/robotics_software_engineer/install/module_2_assignment/lib/python3.8/site-packages'
[0.462s] Level 1:colcon.colcon_core.environment:checking '/home/her0/assignment_ws/src/robotics_software_engineer/install/module_2_assignment/bin'
[0.462s] INFO:colcon.colcon_core.shell:Creating package script '/home/her0/assignment_ws/src/robotics_software_engineer/install/module_2_assignment/share/module_2_assignment/package.ps1'
[0.462s] INFO:colcon.colcon_core.shell:Creating package descriptor '/home/her0/assignment_ws/src/robotics_software_engineer/install/module_2_assignment/share/module_2_assignment/package.dsv'
[0.462s] INFO:colcon.colcon_core.shell:Creating package script '/home/her0/assignment_ws/src/robotics_software_engineer/install/module_2_assignment/share/module_2_assignment/package.sh'
[0.462s] INFO:colcon.colcon_core.shell:Creating package script '/home/her0/assignment_ws/src/robotics_software_engineer/install/module_2_assignment/share/module_2_assignment/package.bash'
[0.463s] INFO:colcon.colcon_core.shell:Creating package script '/home/her0/assignment_ws/src/robotics_software_engineer/install/module_2_assignment/share/module_2_assignment/package.zsh'
[0.463s] Level 1:colcon.colcon_core.environment:create_file_with_runtime_dependencies(/home/her0/assignment_ws/src/robotics_software_engineer/install/module_2_assignment/share/colcon-core/packages/module_2_assignment)
[0.463s] Level 1:colcon.colcon_core.environment:create_environment_scripts_only(module_2_assignment)
[0.463s] Level 1:colcon.colcon_core.environment:checking '/home/her0/assignment_ws/src/robotics_software_engineer/install/module_2_assignment' for CMake module files
[0.463s] Level 1:colcon.colcon_core.environment:checking '/home/her0/assignment_ws/src/robotics_software_engineer/install/module_2_assignment' for CMake config files
[0.463s] Level 1:colcon.colcon_core.shell:create_environment_hook('module_2_assignment', 'cmake_prefix_path')
[0.464s] INFO:colcon.colcon_core.shell:Creating environment hook '/home/her0/assignment_ws/src/robotics_software_engineer/install/module_2_assignment/share/module_2_assignment/hook/cmake_prefix_path.ps1'
[0.464s] INFO:colcon.colcon_core.shell:Creating environment descriptor '/home/her0/assignment_ws/src/robotics_software_engineer/install/module_2_assignment/share/module_2_assignment/hook/cmake_prefix_path.dsv'
[0.464s] INFO:colcon.colcon_core.shell:Creating environment hook '/home/her0/assignment_ws/src/robotics_software_engineer/install/module_2_assignment/share/module_2_assignment/hook/cmake_prefix_path.sh'
[0.464s] Level 1:colcon.colcon_core.environment:checking '/home/her0/assignment_ws/src/robotics_software_engineer/install/module_2_assignment/lib'
[0.464s] Level 1:colcon.colcon_core.environment:checking '/home/her0/assignment_ws/src/robotics_software_engineer/install/module_2_assignment/bin'
[0.464s] Level 1:colcon.colcon_core.environment:checking '/home/her0/assignment_ws/src/robotics_software_engineer/install/module_2_assignment/lib/pkgconfig/module_2_assignment.pc'
[0.464s] Level 1:colcon.colcon_core.environment:checking '/home/her0/assignment_ws/src/robotics_software_engineer/install/module_2_assignment/lib/python3.8/site-packages'
[0.465s] Level 1:colcon.colcon_core.environment:checking '/home/her0/assignment_ws/src/robotics_software_engineer/install/module_2_assignment/bin'
[0.465s] INFO:colcon.colcon_core.shell:Creating package script '/home/her0/assignment_ws/src/robotics_software_engineer/install/module_2_assignment/share/module_2_assignment/package.ps1'
[0.465s] INFO:colcon.colcon_core.shell:Creating package descriptor '/home/her0/assignment_ws/src/robotics_software_engineer/install/module_2_assignment/share/module_2_assignment/package.dsv'
[0.465s] INFO:colcon.colcon_core.shell:Creating package script '/home/her0/assignment_ws/src/robotics_software_engineer/install/module_2_assignment/share/module_2_assignment/package.sh'
[0.465s] INFO:colcon.colcon_core.shell:Creating package script '/home/her0/assignment_ws/src/robotics_software_engineer/install/module_2_assignment/share/module_2_assignment/package.bash'
[0.466s] INFO:colcon.colcon_core.shell:Creating package script '/home/her0/assignment_ws/src/robotics_software_engineer/install/module_2_assignment/share/module_2_assignment/package.zsh'
[0.466s] Level 1:colcon.colcon_core.environment:create_file_with_runtime_dependencies(/home/her0/assignment_ws/src/robotics_software_engineer/install/module_2_assignment/share/colcon-core/packages/module_2_assignment)
[0.466s] Level 1:colcon.colcon_core.environment:create_environment_scripts_only(robot_sensing_debug)
[0.466s] Level 1:colcon.colcon_core.environment:checking '/home/her0/assignment_ws/src/robotics_software_engineer/install/robot_sensing_debug' for CMake module files
[0.466s] DEBUG:colcon.colcon_core.event_handler.log_command:Invoked command in '/home/her0/assignment_ws/src/robotics_software_engineer/build/robot_sensing_debug' returned '0': CMAKE_PREFIX_PATH=/opt/ros/foxy /usr/bin/cmake --install /home/her0/assignment_ws/src/robotics_software_engineer/build/robot_sensing_debug
[0.467s] Level 1:colcon.colcon_core.environment:checking '/home/her0/assignment_ws/src/robotics_software_engineer/install/robot_sensing_debug' for CMake config files
[0.467s] Level 1:colcon.colcon_core.shell:create_environment_hook('robot_sensing_debug', 'cmake_prefix_path')
[0.467s] INFO:colcon.colcon_core.shell:Creating environment hook '/home/her0/assignment_ws/src/robotics_software_engineer/install/robot_sensing_debug/share/robot_sensing_debug/hook/cmake_prefix_path.ps1'
[0.467s] INFO:colcon.colcon_core.shell:Creating environment descriptor '/home/her0/assignment_ws/src/robotics_software_engineer/install/robot_sensing_debug/share/robot_sensing_debug/hook/cmake_prefix_path.dsv'
[0.467s] INFO:colcon.colcon_core.shell:Creating environment hook '/home/her0/assignment_ws/src/robotics_software_engineer/install/robot_sensing_debug/share/robot_sensing_debug/hook/cmake_prefix_path.sh'
[0.468s] Level 1:colcon.colcon_core.environment:checking '/home/her0/assignment_ws/src/robotics_software_engineer/install/robot_sensing_debug/lib'
[0.468s] Level 1:colcon.colcon_core.environment:checking '/home/her0/assignment_ws/src/robotics_software_engineer/install/robot_sensing_debug/bin'
[0.468s] Level 1:colcon.colcon_core.environment:checking '/home/her0/assignment_ws/src/robotics_software_engineer/install/robot_sensing_debug/lib/pkgconfig/robot_sensing_debug.pc'
[0.468s] Level 1:colcon.colcon_core.environment:checking '/home/her0/assignment_ws/src/robotics_software_engineer/install/robot_sensing_debug/lib/python3.8/site-packages'
[0.468s] Level 1:colcon.colcon_core.environment:checking '/home/her0/assignment_ws/src/robotics_software_engineer/install/robot_sensing_debug/bin'
[0.468s] INFO:colcon.colcon_core.shell:Creating package script '/home/her0/assignment_ws/src/robotics_software_engineer/install/robot_sensing_debug/share/robot_sensing_debug/package.ps1'
[0.468s] INFO:colcon.colcon_core.shell:Creating package descriptor '/home/her0/assignment_ws/src/robotics_software_engineer/install/robot_sensing_debug/share/robot_sensing_debug/package.dsv'
[0.469s] INFO:colcon.colcon_core.shell:Creating package script '/home/her0/assignment_ws/src/robotics_software_engineer/install/robot_sensing_debug/share/robot_sensing_debug/package.sh'
[0.469s] INFO:colcon.colcon_core.shell:Creating package script '/home/her0/assignment_ws/src/robotics_software_engineer/install/robot_sensing_debug/share/robot_sensing_debug/package.bash'
[0.469s] INFO:colcon.colcon_core.shell:Creating package script '/home/her0/assignment_ws/src/robotics_software_engineer/install/robot_sensing_debug/share/robot_sensing_debug/package.zsh'
[0.469s] Level 1:colcon.colcon_core.environment:create_file_with_runtime_dependencies(/home/her0/assignment_ws/src/robotics_software_engineer/install/robot_sensing_debug/share/colcon-core/packages/robot_sensing_debug)
[0.469s] Level 1:colcon.colcon_core.environment:create_environment_scripts_only(robot_sensing_debug)
[0.469s] Level 1:colcon.colcon_core.environment:checking '/home/her0/assignment_ws/src/robotics_software_engineer/install/robot_sensing_debug' for CMake module files
[0.470s] Level 1:colcon.colcon_core.environment:checking '/home/her0/assignment_ws/src/robotics_software_engineer/install/robot_sensing_debug' for CMake config files
[0.470s] Level 1:colcon.colcon_core.shell:create_environment_hook('robot_sensing_debug', 'cmake_prefix_path')
[0.470s] INFO:colcon.colcon_core.shell:Creating environment hook '/home/her0/assignment_ws/src/robotics_software_engineer/install/robot_sensing_debug/share/robot_sensing_debug/hook/cmake_prefix_path.ps1'
[0.470s] INFO:colcon.colcon_core.shell:Creating environment descriptor '/home/her0/assignment_ws/src/robotics_software_engineer/install/robot_sensing_debug/share/robot_sensing_debug/hook/cmake_prefix_path.dsv'
[0.470s] INFO:colcon.colcon_core.shell:Creating environment hook '/home/her0/assignment_ws/src/robotics_software_engineer/install/robot_sensing_debug/share/robot_sensing_debug/hook/cmake_prefix_path.sh'
[0.471s] Level 1:colcon.colcon_core.environment:checking '/home/her0/assignment_ws/src/robotics_software_engineer/install/robot_sensing_debug/lib'
[0.471s] Level 1:colcon.colcon_core.environment:checking '/home/her0/assignment_ws/src/robotics_software_engineer/install/robot_sensing_debug/bin'
[0.471s] Level 1:colcon.colcon_core.environment:checking '/home/her0/assignment_ws/src/robotics_software_engineer/install/robot_sensing_debug/lib/pkgconfig/robot_sensing_debug.pc'
[0.471s] Level 1:colcon.colcon_core.environment:checking '/home/her0/assignment_ws/src/robotics_software_engineer/install/robot_sensing_debug/lib/python3.8/site-packages'
[0.471s] Level 1:colcon.colcon_core.environment:checking '/home/her0/assignment_ws/src/robotics_software_engineer/install/robot_sensing_debug/bin'
[0.471s] INFO:colcon.colcon_core.shell:Creating package script '/home/her0/assignment_ws/src/robotics_software_engineer/install/robot_sensing_debug/share/robot_sensing_debug/package.ps1'
[0.471s] INFO:colcon.colcon_core.shell:Creating package descriptor '/home/her0/assignment_ws/src/robotics_software_engineer/install/robot_sensing_debug/share/robot_sensing_debug/package.dsv'
[0.471s] INFO:colcon.colcon_core.shell:Creating package script '/home/her0/assignment_ws/src/robotics_software_engineer/install/robot_sensing_debug/share/robot_sensing_debug/package.sh'
[0.472s] INFO:colcon.colcon_core.shell:Creating package script '/home/her0/assignment_ws/src/robotics_software_engineer/install/robot_sensing_debug/share/robot_sensing_debug/package.bash'
[0.472s] INFO:colcon.colcon_core.shell:Creating package script '/home/her0/assignment_ws/src/robotics_software_engineer/install/robot_sensing_debug/share/robot_sensing_debug/package.zsh'
[0.472s] Level 1:colcon.colcon_core.environment:create_file_with_runtime_dependencies(/home/her0/assignment_ws/src/robotics_software_engineer/install/robot_sensing_debug/share/colcon-core/packages/robot_sensing_debug)
[0.472s] DEBUG:colcon.colcon_parallel_executor.executor.parallel:closing loop
[0.472s] DEBUG:colcon.colcon_parallel_executor.executor.parallel:loop closed
[0.472s] DEBUG:colcon.colcon_parallel_executor.executor.parallel:run_until_complete finished with '0'
[0.473s] DEBUG:colcon.colcon_core.event_reactor:joining thread
[0.476s] INFO:colcon.colcon_core.plugin_system:Skipping extension 'colcon_notification.desktop_notification.terminal_notifier': Not used on non-Darwin systems
[0.476s] INFO:colcon.colcon_core.plugin_system:Skipping extension 'colcon_notification.desktop_notification.win32': Not used on non-Windows systems
[0.476s] INFO:colcon.colcon_notification.desktop_notification:Sending desktop notification using 'notify2'
[0.482s] DEBUG:colcon.colcon_core.event_reactor:joined thread
[0.483s] INFO:colcon.colcon_core.shell:Creating prefix script '/home/her0/assignment_ws/src/robotics_software_engineer/install/local_setup.ps1'
[0.484s] INFO:colcon.colcon_core.shell:Creating prefix util module '/home/her0/assignment_ws/src/robotics_software_engineer/install/_local_setup_util_ps1.py'
[0.485s] INFO:colcon.colcon_core.shell:Creating prefix chain script '/home/her0/assignment_ws/src/robotics_software_engineer/install/setup.ps1'
[0.486s] INFO:colcon.colcon_core.shell:Creating prefix script '/home/her0/assignment_ws/src/robotics_software_engineer/install/local_setup.sh'
[0.486s] INFO:colcon.colcon_core.shell:Creating prefix util module '/home/her0/assignment_ws/src/robotics_software_engineer/install/_local_setup_util_sh.py'
[0.487s] INFO:colcon.colcon_core.shell:Creating prefix chain script '/home/her0/assignment_ws/src/robotics_software_engineer/install/setup.sh'
[0.487s] INFO:colcon.colcon_core.shell:Creating prefix script '/home/her0/assignment_ws/src/robotics_software_engineer/install/local_setup.bash'
[0.488s] INFO:colcon.colcon_core.shell:Creating prefix chain script '/home/her0/assignment_ws/src/robotics_software_engineer/install/setup.bash'
[0.488s] INFO:colcon.colcon_core.shell:Creating prefix script '/home/her0/assignment_ws/src/robotics_software_engineer/install/local_setup.zsh'
[0.488s] INFO:colcon.colcon_core.shell:Creating prefix chain script '/home/her0/assignment_ws/src/robotics_software_engineer/install/setup.zsh'
